"Date","Primary Sales"
"2017-06-22",0
"2017-06-23",0
"2017-06-24",0
"2017-06-25",0
"2017-06-26",0
"2017-06-27",0
"2017-06-28",0
"2017-06-29",0
"2017-06-30",0
"2017-07-01",0
"2017-07-02",0
"2017-07-03",0
"2017-07-04",0
"2017-07-05",0
"2017-07-06",0
"2017-07-07",0
"2017-07-08",0
"2017-07-09",0
"2017-07-10",0
"2017-07-11",0
"2017-07-12",0
"2017-07-13",0
"2017-07-14",0
"2017-07-15",0
"2017-07-16",0
"2017-07-17",0
"2017-07-18",0
"2017-07-19",0
"2017-07-20",0
"2017-07-21",0
"2017-07-22",0
"2017-07-23",0
"2017-07-24",0
"2017-07-25",0
"2017-07-26",0
"2017-07-27",0
"2017-07-28",0
"2017-07-29",0
"2017-07-30",0
"2017-07-31",0
"2017-08-01",0
"2017-08-02",0
"2017-08-03",0
"2017-08-04",0
"2017-08-05",0
"2017-08-06",0
"2017-08-07",0
"2017-08-08",0
"2017-08-09",0
"2017-08-10",0
"2017-08-11",0
"2017-08-12",0
"2017-08-13",0
"2017-08-14",0
"2017-08-15",0
"2017-08-16",0
"2017-08-17",0
"2017-08-18",0
"2017-08-19",0
"2017-08-20",0
"2017-08-21",0
"2017-08-22",0
"2017-08-23",0
"2017-08-24",0
"2017-08-25",0
"2017-08-26",0
"2017-08-27",0
"2017-08-28",0
"2017-08-29",0
"2017-08-30",0
"2017-08-31",0
"2017-09-01",0
"2017-09-02",0
"2017-09-03",0
"2017-09-04",0
"2017-09-05",0
"2017-09-06",0
"2017-09-07",0
"2017-09-08",0
"2017-09-09",0
"2017-09-10",0
"2017-09-11",0
"2017-09-12",0
"2017-09-13",0
"2017-09-14",0
"2017-09-15",0
"2017-09-16",0
"2017-09-17",0
"2017-09-18",0
"2017-09-19",0
"2017-09-20",0
"2017-09-21",0
"2017-09-22",0
"2017-09-23",0
"2017-09-24",0
"2017-09-25",0
"2017-09-26",0
"2017-09-27",0
"2017-09-28",0
"2017-09-29",0
"2017-09-30",0
"2017-10-01",0
"2017-10-02",0
"2017-10-03",0
"2017-10-04",0
"2017-10-05",0
"2017-10-06",0
"2017-10-07",0
"2017-10-08",0
"2017-10-09",0
"2017-10-10",0
"2017-10-11",0
"2017-10-12",0
"2017-10-13",0
"2017-10-14",0
"2017-10-15",0
"2017-10-16",0
"2017-10-17",0
"2017-10-18",0
"2017-10-19",0
"2017-10-20",0
"2017-10-21",0
"2017-10-22",0
"2017-10-23",0
"2017-10-24",0
"2017-10-25",0
"2017-10-26",0
"2017-10-27",0
"2017-10-28",0
"2017-10-29",0
"2017-10-30",0
"2017-10-31",0
"2017-11-01",0
"2017-11-02",0
"2017-11-03",0
"2017-11-04",0
"2017-11-05",0
"2017-11-06",0
"2017-11-07",0
"2017-11-08",0
"2017-11-09",0
"2017-11-10",0
"2017-11-11",0
"2017-11-12",0
"2017-11-13",0
"2017-11-14",0
"2017-11-15",0
"2017-11-16",0
"2017-11-17",0
"2017-11-18",0
"2017-11-19",0
"2017-11-20",0
"2017-11-21",100
"2017-11-22",141
"2017-11-23",869
"2017-11-24",3482
"2017-11-25",5319
"2017-11-26",6436
"2017-11-27",7250
"2017-11-28",8306
"2017-11-29",11909
"2017-11-30",18188
"2017-12-01",23913
"2017-12-02",32639
"2017-12-03",48353
"2017-12-04",71757
"2017-12-05",97396
"2017-12-06",117739
"2017-12-07",139612
"2017-12-08",166419
"2017-12-09",196995
"2017-12-10",229038
"2017-12-11",257030
"2017-12-12",281483
"2017-12-13",298648
"2017-12-14",318964
"2017-12-15",333711
"2017-12-16",352480
"2017-12-17",366390
"2017-12-18",378369
"2017-12-19",387637
"2017-12-20",397550
"2017-12-21",407996
"2017-12-22",420707
"2017-12-23",431425
"2017-12-24",440251
"2017-12-25",446941
"2017-12-26",451901
"2017-12-27",457628
"2017-12-28",464240
"2017-12-29",469773
"2017-12-30",473630
"2017-12-31",477928
"2018-01-01",482524
"2018-01-02",486636
"2018-01-03",488889
"2018-01-04",490475
"2018-01-05",491655
"2018-01-06",493301
"2018-01-07",495208
"2018-01-08",496704
"2018-01-09",497812
"2018-01-10",498664
"2018-01-11",499914
"2018-01-12",501430
"2018-01-13",503056
"2018-01-14",504875
"2018-01-15",506025
"2018-01-16",507312
"2018-01-17",508786
"2018-01-18",510529
"2018-01-19",512571
"2018-01-20",514614
"2018-01-21",516555
"2018-01-22",518445
"2018-01-23",520193
"2018-01-24",521874
"2018-01-25",523270
"2018-01-26",525086
"2018-01-27",527107
"2018-01-28",528748
"2018-01-29",530235
"2018-01-30",532209
"2018-01-31",534126
"2018-02-01",535552
"2018-02-02",537153
"2018-02-03",538622
"2018-02-04",539973
"2018-02-05",541292
"2018-02-06",543489
"2018-02-07",545363
"2018-02-08",547034
"2018-02-09",548704
"2018-02-10",549962
"2018-02-11",551961
"2018-02-12",553979
"2018-02-13",556163
"2018-02-14",558934
"2018-02-15",562451
"2018-02-16",566158
"2018-02-17",568969
"2018-02-18",571530
"2018-02-19",574635
"2018-02-20",577791
"2018-02-21",580628
"2018-02-22",583355
"2018-02-23",586234
"2018-02-24",592485
"2018-02-25",599976
"2018-02-26",605225
"2018-02-27",611259
"2018-02-28",617387
"2018-03-01",622077
"2018-03-02",625259
"2018-03-03",628490
"2018-03-04",632366
"2018-03-05",635786
"2018-03-06",638350
"2018-03-07",641347
"2018-03-08",646435
"2018-03-09",651001
"2018-03-10",659097
"2018-03-11",662440
"2018-03-12",665521
"2018-03-13",668336
"2018-03-14",671519
"2018-03-15",674420
"2018-03-16",676609
"2018-03-17",679431
"2018-03-18",681502
"2018-03-19",683778
"2018-03-20",685699
"2018-03-21",687668
"2018-03-22",689744
"2018-03-23",691550
"2018-03-24",693506
"2018-03-25",698719
"2018-03-26",700741
"2018-03-27",702879
"2018-03-28",705580
"2018-03-29",708593
"2018-03-30",713293
"2018-03-31",715450
"2018-04-01",717387
"2018-04-02",719380
"2018-04-03",721546
"2018-04-04",723508
"2018-04-05",725240
"2018-04-06",727717
"2018-04-07",729403
"2018-04-08",735615
"2018-04-09",739796
"2018-04-10",742070
"2018-04-11",744280
"2018-04-12",746069
"2018-04-13",750646
"2018-04-14",754339
"2018-04-15",757130
"2018-04-16",759778
"2018-04-17",763787
"2018-04-18",767049
"2018-04-19",770038
"2018-04-20",773246
"2018-04-21",774968
"2018-04-22",776066
"2018-04-23",777253
"2018-04-24",778646
"2018-04-25",779981
"2018-04-26",781120
"2018-04-27",783446
"2018-04-28",787939
"2018-04-29",797169
"2018-04-30",799781
"2018-05-01",801329
"2018-05-02",802826
"2018-05-03",804000
"2018-05-04",806187
"2018-05-05",809099
"2018-05-06",811256
"2018-05-07",813297
"2018-05-08",816130
"2018-05-09",817949
"2018-05-10",819446
"2018-05-11",821214
"2018-05-12",822852
"2018-05-13",824087
"2018-05-14",825049
"2018-05-15",826158
"2018-05-16",827891
"2018-05-17",831219
"2018-05-18",834062
"2018-05-19",837122
"2018-05-20",839176
"2018-05-21",840450
"2018-05-22",841870
"2018-05-23",843212
"2018-05-24",845397
"2018-05-25",846654
"2018-05-26",848665
"2018-05-27",850795
"2018-05-28",852266
"2018-05-29",855768
"2018-05-30",859580
"2018-05-31",862259
"2018-06-01",864369
"2018-06-02",866728
"2018-06-03",868558
"2018-06-04",870277
"2018-06-05",872240
"2018-06-06",873620
"2018-06-07",875172
"2018-06-08",876641
"2018-06-09",878849
"2018-06-10",880457
"2018-06-11",883321
"2018-06-12",885617
"2018-06-13",887288
"2018-06-14",888844
"2018-06-15",893509
"2018-06-16",895487
"2018-06-17",897491
"2018-06-18",899646
"2018-06-19",901798
"2018-06-20",903156
"2018-06-21",905654
"2018-06-22",910019
"2018-06-23",912353
"2018-06-24",914798
"2018-06-25",916758
"2018-06-26",918485
"2018-06-27",920324
"2018-06-28",922381
"2018-06-29",924957
"2018-06-30",927023
"2018-07-01",928095
"2018-07-02",928668
"2018-07-03",929129
"2018-07-04",929738
"2018-07-05",930441
"2018-07-06",931933
"2018-07-07",933061
"2018-07-08",934508
"2018-07-09",936918
"2018-07-10",938589
"2018-07-11",940381
"2018-07-12",942856
"2018-07-13",946196
"2018-07-14",947576
"2018-07-15",948732
"2018-07-16",950470
"2018-07-17",951887
"2018-07-18",953253
"2018-07-19",954735
"2018-07-20",955960
"2018-07-21",957746
"2018-07-22",959458
"2018-07-23",961160
"2018-07-24",962497
"2018-07-25",964491
"2018-07-26",967279
"2018-07-27",970759
"2018-07-28",973340
"2018-07-29",975032
"2018-07-30",976402
"2018-07-31",977933
"2018-08-01",980008
"2018-08-02",981721
"2018-08-03",982918
"2018-08-04",984265
"2018-08-05",985407
"2018-08-06",986394
"2018-08-07",987325
"2018-08-08",988511
"2018-08-09",989584
"2018-08-10",990651
"2018-08-11",991944
"2018-08-12",993708
"2018-08-13",995645
"2018-08-14",998152
"2018-08-15",1000850
"2018-08-16",1003853
"2018-08-17",1008209
"2018-08-18",1013326
"2018-08-19",1019352
"2018-08-20",1022051
"2018-08-21",1024827
"2018-08-22",1026840
"2018-08-23",1030163
"2018-08-24",1034460
"2018-08-25",1038406
"2018-08-26",1041535
"2018-08-27",1045865
"2018-08-28",1049236
"2018-08-29",1053204
"2018-08-30",1060419
"2018-08-31",1069985
"2018-09-01",1078489
"2018-09-02",1085543
"2018-09-03",1091936
"2018-09-04",1096060
"2018-09-05",1100537
"2018-09-06",1106485
"2018-09-07",1112927
"2018-09-08",1117685
"2018-09-09",1125133
"2018-09-10",1131916
"2018-09-11",1141135
"2018-09-12",1149336
"2018-09-13",1152496
"2018-09-14",1155920
"2018-09-15",1158664
"2018-09-16",1161111
"2018-09-17",1164162
"2018-09-18",1167335
"2018-09-19",1171785
"2018-09-20",1175479
"2018-09-21",1180082
"2018-09-22",1186346
"2018-09-23",1190960
"2018-09-24",1194893
"2018-09-25",1198642
"2018-09-26",1203483
"2018-09-27",1208528
"2018-09-28",1211354
"2018-09-29",1214748
"2018-09-30",1218940
"2018-10-01",1222768
"2018-10-02",1225290
"2018-10-03",1228314
"2018-10-04",1231939
"2018-10-05",1238254
"2018-10-06",1241978
"2018-10-07",1245538
"2018-10-08",1248891
"2018-10-09",1251755
"2018-10-10",1255117
"2018-10-11",1260534
"2018-10-12",1264392
"2018-10-13",1267518
"2018-10-14",1270139
"2018-10-15",1272564
"2018-10-16",1275078
"2018-10-17",1279622
"2018-10-18",1282238
"2018-10-19",1288890
"2018-10-20",1292623
"2018-10-21",1297351
"2018-10-22",1300955
"2018-10-23",1305305
"2018-10-24",1308521
"2018-10-25",1311286
"2018-10-26",1315111
"2018-10-27",1319635
"2018-10-28",1323048
"2018-10-29",1326550
"2018-10-30",1329587
"2018-10-31",1332469
"2018-11-01",1335407
"2018-11-02",1338286
"2018-11-03",1342047
"2018-11-04",1345661
"2018-11-05",1349103
"2018-11-06",1351932
"2018-11-07",1356548
"2018-11-08",1359356
"2018-11-09",1361997
"2018-11-10",1365329
"2018-11-11",1368719
"2018-11-12",1371941
"2018-11-13",1376225
"2018-11-14",1380538
"2018-11-15",1389373
"2018-11-16",1394756
"2018-11-17",1398807
"2018-11-18",1402413
"2018-11-19",1405695
"2018-11-20",1409009
"2018-11-21",1414298
"2018-11-22",1419937
"2018-11-23",1423667
"2018-11-24",1427414
"2018-11-25",1431826
"2018-11-26",1436548
"2018-11-27",1441758
"2018-11-28",1445949
"2018-11-29",1449586
"2018-11-30",1454703
"2018-12-01",1464111
"2018-12-02",1470747
"2018-12-03",1476872
"2018-12-04",1482260
"2018-12-05",1486848
"2018-12-06",1491283
"2018-12-07",1495549
"2018-12-08",1498279
"2018-12-09",1501559
"2018-12-10",1503602
"2018-12-11",1506180
"2018-12-12",1509119
"2018-12-13",1513610
"2018-12-14",1517384
"2018-12-15",1522441
"2018-12-16",1527545
"2018-12-17",1531523
"2018-12-18",1534412
"2018-12-19",1537643
"2018-12-20",1541555
"2018-12-21",1547747
"2018-12-22",1550670
"2018-12-23",1556955
"2018-12-24",1560068
"2018-12-25",1562470
"2018-12-26",1564644
"2018-12-27",1566855
"2018-12-28",1569239
"2018-12-29",1571464
"2018-12-30",1573889
"2018-12-31",1576558
"2019-01-01",1578340
"2019-01-02",1580290
"2019-01-03",1582264
"2019-01-04",1584319
"2019-01-05",1586451
"2019-01-06",1588447
"2019-01-07",1590669
"2019-01-08",1592315
"2019-01-09",1594014
"2019-01-10",1596033
"2019-01-11",1602774
"2019-01-12",1607498
"2019-01-13",1611651
"2019-01-14",1615120
"2019-01-15",1618350
"2019-01-16",1621846
"2019-01-17",1624517
"2019-01-18",1628096
"2019-01-19",1631117
"2019-01-20",1634230
"2019-01-21",1637389
"2019-01-22",1639010
"2019-01-23",1641017
"2019-01-24",1643951
"2019-01-25",1646190
"2019-01-26",1651896
"2019-01-27",1657573
"2019-01-28",1661340
"2019-01-29",1663574
"2019-01-30",1665837
"2019-01-31",1668027
"2019-02-01",1670676
"2019-02-02",1673837
"2019-02-03",1677479
"2019-02-04",1679724
"2019-02-05",1681827
"2019-02-06",1683534
"2019-02-07",1685557
"2019-02-08",1688030
"2019-02-09",1692587
"2019-02-10",1697111
"2019-02-11",1700382
"2019-02-12",1703052
"2019-02-13",1705587
"2019-02-14",1709051
"2019-02-15",1711702
"2019-02-16",1716913
"2019-02-17",1720672
"2019-02-18",1724082
"2019-02-19",1725773
"2019-02-20",1727602
"2019-02-21",1729817
"2019-02-22",1732875
"2019-02-23",1736448
"2019-02-24",1739540
"2019-02-25",1742827
"2019-02-26",1746513
"2019-02-27",1748472
"2019-02-28",1749980
"2019-03-01",1752567
"2019-03-02",1756642
"2019-03-03",1762240
"2019-03-04",1766467
"2019-03-05",1770147
"2019-03-06",1774001
"2019-03-07",1778620
"2019-03-08",1783809
"2019-03-09",1788715
"2019-03-10",1792475
"2019-03-11",1795155
"2019-03-12",1798107
"2019-03-13",1800824
"2019-03-14",1803576
"2019-03-15",1806669
"2019-03-16",1812519
"2019-03-17",1817777
"2019-03-18",1821870
"2019-03-19",1825658
"2019-03-20",1829240
"2019-03-21",1832139
"2019-03-22",1835512
"2019-03-23",1840350
"2019-03-24",1845347
"2019-03-25",1849199
"2019-03-26",1852489
"2019-03-27",1855595
"2019-03-28",1858283
"2019-03-29",1883566
"2019-03-30",1891329
"2019-03-31",1900249
"2019-04-01",1906938
"2019-04-02",1911008
"2019-04-03",1914262
"2019-04-04",1916964
"2019-04-05",1919662
"2019-04-06",1922893
"2019-04-07",1926085
"2019-04-08",1928115
"2019-04-09",1930659
"2019-04-10",1933383
"2019-04-11",1935727
"2019-04-12",1938604
"2019-04-13",1943969
"2019-04-14",1950114
"2019-04-15",1953038
"2019-04-16",1956039
"2019-04-17",1959313
"2019-04-18",1962692
"2019-04-19",1966784
"2019-04-20",1970336
"2019-04-21",1973998
"2019-04-22",1977126
"2019-04-23",1979995
"2019-04-24",1982740
"2019-04-25",1985720
"2019-04-26",1988553
"2019-04-27",1991964
"2019-04-28",1995417
"2019-04-29",1998253
"2019-04-30",2001269
"2019-05-01",2005258
"2019-05-02",2008970
"2019-05-03",2012229
"2019-05-04",2015944
"2019-05-05",2019359
"2019-05-06",2021962
"2019-05-07",2023353
"2019-05-08",2026602
"2019-05-09",2029628
"2019-05-10",2033784
"2019-05-11",2039908
"2019-05-12",2044360
"2019-05-13",2048057
"2019-05-14",2050925
"2019-05-15",2052535
"2019-05-16",2053743
"2019-05-17",2056383
"2019-05-18",2059046
"2019-05-19",2061745
"2019-05-20",2064245
"2019-05-21",2066449
"2019-05-22",2068408
"2019-05-23",2070257
"2019-05-24",2073244
"2019-05-25",2076992
"2019-05-26",2080533
"2019-05-27",2083569
"2019-05-28",2087559
"2019-05-29",2091058
"2019-05-30",2095257
"2019-05-31",2098630
"2019-06-01",2100604
"2019-06-02",2102637
"2019-06-03",2104568
"2019-06-04",2106065
"2019-06-05",2107926
"2019-06-06",2109306
"2019-06-07",2111732
"2019-06-08",2113899
"2019-06-09",2117331
"2019-06-10",2119183
"2019-06-11",2121428
"2019-06-12",2123395
"2019-06-13",2125602
"2019-06-14",2127818
"2019-06-15",2130127
"2019-06-16",2132928
"2019-06-17",2134851
"2019-06-18",2136595
"2019-06-19",2138307
"2019-06-20",2139697
"2019-06-21",2141738
"2019-06-22",2144280
"2019-06-23",2146675
"2019-06-24",2149294
"2019-06-25",2151220
"2019-06-26",2152984
"2019-06-27",2153866
"2019-06-28",2154994
"2019-06-29",2156919
"2019-06-30",2158168
"2019-07-01",2159085
"2019-07-02",2159998
"2019-07-03",2160967
"2019-07-04",2162598
"2019-07-05",2164089
"2019-07-06",2166219
"2019-07-07",2168219
"2019-07-08",2169795
"2019-07-09",2171324
"2019-07-10",2172948
"2019-07-11",2174148
"2019-07-12",2175813
"2019-07-13",2177812
"2019-07-14",2179715
"2019-07-15",2181430
"2019-07-16",2182147
"2019-07-17",2184130
"2019-07-18",2187056
"2019-07-19",2189211
"2019-07-20",2192842
"2019-07-21",2196774
"2019-07-22",2199500
"2019-07-23",2202451
"2019-07-24",2204487
"2019-07-25",2206394
"2019-07-26",2209742
"2019-07-27",2213068
"2019-07-28",2216394
"2019-07-29",2219506
"2019-07-30",2223027
"2019-07-31",2225770
"2019-08-01",2228052
"2019-08-02",2230067
"2019-08-03",2232698
"2019-08-04",2235188
"2019-08-05",2237528
"2019-08-06",2238882
"2019-08-07",2240726
"2019-08-08",2242690
"2019-08-09",2244787
"2019-08-10",2246329
"2019-08-11",2247946
"2019-08-12",2249625
"2019-08-13",2251097
"2019-08-14",2253027
"2019-08-15",2254946
"2019-08-16",2256789
"2019-08-17",2259555
"2019-08-18",2262424
"2019-08-19",2264134
"2019-08-20",2270240
"2019-08-21",2274218
"2019-08-22",2277384
"2019-08-23",2280572
"2019-08-24",2285111
"2019-08-25",2287975
"2019-08-26",2289808
"2019-08-27",2293430
"2019-08-28",2296587
"2019-08-29",2299357
"2019-08-30",2302519
"2019-08-31",2307058
"2019-09-01",2311404
"2019-09-02",2315142
"2019-09-03",2317672
"2019-09-04",2319949
"2019-09-05",2321543
"2019-09-06",2322543
"2019-09-07",2323543
"2019-09-08",2324532
"2019-09-09",2325372
"2019-09-10",2326038
"2019-09-11",2326799
"2019-09-12",2327514
"2019-09-13",2328219
"2019-09-14",2330475
"2019-09-15",2332199
"2019-09-16",2333019
"2019-09-17",2333560
"2019-09-18",2334253
"2019-09-19",2334908
"2019-09-20",2335388
"2019-09-21",2337059
"2019-09-22",2338604
"2019-09-23",2339472
"2019-09-24",2340225
"2019-09-25",2340793
"2019-09-26",2341441
"2019-09-27",2341981
"2019-09-28",2343469
"2019-09-29",2345421
"2019-09-30",2347036
"2019-10-01",2350230
"2019-10-02",2353317
"2019-10-03",2356792
"2019-10-04",2359461
"2019-10-05",2362299
"2019-10-06",2364059
"2019-10-07",2366403
"2019-10-08",2368753
"2019-10-09",2373510
"2019-10-10",2376972
"2019-10-11",2381357
"2019-10-12",2383694
"2019-10-13",2386227
"2019-10-14",2389183
"2019-10-15",2393217
"2019-10-16",2395784
"2019-10-17",2399644
"2019-10-18",2403003
"2019-10-19",2406042
"2019-10-20",2413703
"2019-10-21",2415915
"2019-10-22",2418062
"2019-10-23",2419631
"2019-10-24",2421219
"2019-10-25",2423009
"2019-10-26",2425926
"2019-10-27",2428579
"2019-10-28",2431377
"2019-10-29",2433490
"2019-10-30",2435503
"2019-10-31",2437400
"2019-11-01",2439992
"2019-11-02",2443119
"2019-11-03",2445401
"2019-11-04",2447512
"2019-11-05",2449798
"2019-11-06",2453886
"2019-11-07",2459089
"2019-11-08",2463110
"2019-11-09",2467339
"2019-11-10",2471558
"2019-11-11",2474300
"2019-11-12",2477328
"2019-11-13",2480147
"2019-11-14",2482183
"2019-11-15",2484659
"2019-11-16",2487178
"2019-11-17",2489197
"2019-11-18",2491648
"2019-11-19",2493987
"2019-11-20",2496307
"2019-11-21",2498272
"2019-11-22",2499764
"2019-11-23",2503755
"2019-11-24",2507433
"2019-11-25",2510292
"2019-11-26",2513876
"2019-11-27",2516792
"2019-11-28",2518622
"2019-11-29",2521240
"2019-11-30",2524449
"2019-12-01",2527487
"2019-12-02",2530200
"2019-12-03",2531720
"2019-12-04",2533570
"2019-12-05",2538105
"2019-12-06",2539648
"2019-12-07",2542025
"2019-12-08",2544994
"2019-12-09",2546987
"2019-12-10",2549526
"2019-12-11",2552657
"2019-12-12",2557103
"2019-12-13",2559494
"2019-12-14",2562725
"2019-12-15",2565331
"2019-12-16",2567171
"2019-12-17",2569507
"2019-12-18",2573484
"2019-12-19",2577358
"2019-12-20",2579838
"2019-12-21",2582051
"2019-12-22",2585283
"2019-12-23",2587548
"2019-12-24",2590372
"2019-12-25",2593524
"2019-12-26",2596921
"2019-12-27",2600283
"2019-12-28",2602500
"2019-12-29",2604748
"2019-12-30",2606365
"2019-12-31",2608097
"2020-01-01",2611801
"2020-01-02",2614207
"2020-01-03",2616830
"2020-01-04",2619040
"2020-01-05",2621529
"2020-01-06",2623395
"2020-01-07",2625374
"2020-01-08",2626896
"2020-01-09",2628955
"2020-01-10",2630344
"2020-01-11",2632692
"2020-01-12",2634753
"2020-01-13",2636808
"2020-01-14",2641434
"2020-01-15",2643785
"2020-01-16",2646316
"2020-01-17",2649142
"2020-01-18",2653243
"2020-01-19",2657622
"2020-01-20",2666379
"2020-01-21",2671803
"2020-01-22",2677069
"2020-01-23",2682149
"2020-01-24",2685901
"2020-01-25",2689696
"2020-01-26",2693735
"2020-01-27",2697050
"2020-01-28",2700221
"2020-01-29",2702859
"2020-01-30",2705484
"2020-01-31",2707754
"2020-02-01",2710808
"2020-02-02",2715723
"2020-02-03",2718416
"2020-02-04",2719895
"2020-02-05",2721560
"2020-02-06",2722910
"2020-02-07",2724102
"2020-02-08",2727070
"2020-02-09",2729673
"2020-02-10",2731644
"2020-02-11",2740309
"2020-02-12",2742864
"2020-02-13",2746013
"2020-02-14",2748774
"2020-02-15",2752262
"2020-02-16",2755062
"2020-02-17",2757941
"2020-02-18",2760993
"2020-02-19",2763979
"2020-02-20",2767593
"2020-02-21",2771439
"2020-02-22",2775339
"2020-02-23",2779003
"2020-02-24",2781762
"2020-02-25",2785020
"2020-02-26",2788127
"2020-02-27",2791399
"2020-02-28",2796347
"2020-02-29",2799834
"2020-03-01",2802998
"2020-03-02",2805537
"2020-03-03",2808813
"2020-03-04",2810933
"2020-03-05",2812821
"2020-03-06",2814986
"2020-03-07",2818432
"2020-03-08",2820584
"2020-03-09",2822402
"2020-03-10",2824699
"2020-03-11",2826761
"2020-03-12",2827482
"2020-03-13",2828818
"2020-03-14",2831322
"2020-03-15",2833181
"2020-03-16",2834219
"2020-03-17",2836209
"2020-03-18",2839622
"2020-03-19",2842062
"2020-03-20",2844574
"2020-03-21",2848070
"2020-03-22",2852188
"2020-03-23",2855315
"2020-03-24",2857782
"2020-03-25",2859626
"2020-03-26",2862173
"2020-03-27",2864480
"2020-03-28",2867921
"2020-03-29",2871212
"2020-03-30",2873768
"2020-03-31",2888248
"2020-04-01",2890753
"2020-04-02",2893092
"2020-04-03",2895819
"2020-04-04",2898221
"2020-04-05",2900628
"2020-04-06",2902402
"2020-04-07",2903930
"2020-04-08",2905636
"2020-04-09",2908024
"2020-04-10",2910894
"2020-04-11",2914429
"2020-04-12",2918317
"2020-04-13",2921288
"2020-04-14",2924226
"2020-04-15",2926975
"2020-04-16",2928885
"2020-04-17",2931335
"2020-04-18",2934294
"2020-04-19",2936741
"2020-04-20",2938952
"2020-04-21",2941797
"2020-04-22",2943855
"2020-04-23",2946256
"2020-04-24",2948151
"2020-04-25",2950516
"2020-04-26",2953102
"2020-04-27",2955472
"2020-04-28",2957606
"2020-04-29",2959269
"2020-04-30",2960609
"2020-05-01",2962689
"2020-05-02",2964762
"2020-05-03",2966627
"2020-05-04",2968612
"2020-05-05",2970531
"2020-05-06",2972078
"2020-05-07",2973412
"2020-05-08",2975284
"2020-05-09",2977578
"2020-05-10",2979296
"2020-05-11",2981189
"2020-05-12",2982882
"2020-05-13",2984597
"2020-05-14",2986020
"2020-05-15",2987736
"2020-05-16",2990277
"2020-05-17",2992819
"2020-05-18",2994563
"2020-05-19",2996129
"2020-05-20",2997781
"2020-05-21",2999375
"2020-05-22",3001031
"2020-05-23",3004139
"2020-05-24",3007409
"2020-05-25",3010184
"2020-05-26",3012423
"2020-05-27",3014602
"2020-05-28",3016540
"2020-05-29",3018495
"2020-05-30",3020202
"2020-05-31",3021257
"2020-06-01",3022407
"2020-06-02",3023275
"2020-06-03",3024266
"2020-06-04",3026716
"2020-06-05",3028182
"2020-06-06",3030320
"2020-06-07",3031863
"2020-06-08",3033268
"2020-06-09",3034412
"2020-06-10",3035483
"2020-06-11",3037993
"2020-06-12",3039672
"2020-06-13",3041289
"2020-06-14",3043342
"2020-06-15",3044808
"2020-06-16",3046925
"2020-06-17",3047924
"2020-06-18",3049315
"2020-06-19",3050330
"2020-06-20",3052237
"2020-06-21",3054459
"2020-06-22",3055671
"2020-06-23",3058538
"2020-06-24",3059699
"2020-06-25",3062410
"2020-06-26",3063910
"2020-06-27",3065508
"2020-06-28",3066614
"2020-06-29",3067547
"2020-06-30",3070158
"2020-07-01",3071344
"2020-07-02",3073069
"2020-07-03",3074356
"2020-07-04",3076901
"2020-07-05",3078697
"2020-07-06",3080020
"2020-07-07",3081333
"2020-07-08",3082671
"2020-07-09",3084479
"2020-07-10",3086387
"2020-07-11",3089426
"2020-07-12",3091406
"2020-07-13",3092458
"2020-07-14",3093556
"2020-07-15",3094724
"2020-07-16",3096065
"2020-07-17",3097134
"2020-07-18",3098598
"2020-07-19",3099564
"2020-07-20",3100476
"2020-07-21",3101500
"2020-07-22",3102467
"2020-07-23",3103375
"2020-07-24",3104509
"2020-07-25",3105667
"2020-07-26",3106626
"2020-07-27",3107247
"2020-07-28",3107929
"2020-07-29",3108693
"2020-07-30",3109632
"2020-07-31",3110380
"2020-08-01",3111217
"2020-08-02",3112098
"2020-08-03",3112906
"2020-08-04",3117752
"2020-08-05",3119119
"2020-08-06",3120088
"2020-08-07",3120871
"2020-08-08",3121825
"2020-08-09",3122587
"2020-08-10",3123079
"2020-08-11",3123539
"2020-08-12",3123767
"2020-08-13",3124420
"2020-08-14",3124884
"2020-08-15",3125492
"2020-08-16",3126085
"2020-08-17",3126558
"2020-08-18",3127232
"2020-08-19",3127849
"2020-08-20",3128658
"2020-08-21",3129197
"2020-08-22",3129812
"2020-08-23",3130591
"2020-08-24",3131183
"2020-08-25",3131900
"2020-08-26",3132716
"2020-08-27",3133529
"2020-08-28",3134399
"2020-08-29",3137111
"2020-08-30",3139320
"2020-08-31",3140327
"2020-09-01",3140512
"2020-09-02",3141055
"2020-09-03",3141911
"2020-09-04",3142957
"2020-09-05",3143795
"2020-09-06",3144751
"2020-09-07",3145897
"2020-09-08",3146833
"2020-09-09",3147762
"2020-09-10",3148507
"2020-09-11",3149334
"2020-09-12",3150195
"2020-09-13",3151213
"2020-09-14",3151952
"2020-09-15",3154151
"2020-09-16",3156086
"2020-09-17",3157397
"2020-09-18",3159703
"2020-09-19",3160635
"2020-09-20",3161775
"2020-09-21",3162613
"2020-09-22",3164649
"2020-09-23",3166105
"2020-09-24",3167603
"2020-09-25",3168842
"2020-09-26",3170140
"2020-09-27",3171517
"2020-09-28",3172797
"2020-09-29",3173878
"2020-09-30",3175140
"2020-10-01",3176382
"2020-10-02",3177588
"2020-10-03",3179551
"2020-10-04",3181033
"2020-10-05",3182747
"2020-10-06",3184502
"2020-10-07",3185946
"2020-10-08",3187442
"2020-10-09",3188964
"2020-10-10",3190419
"2020-10-11",3192310
"2020-10-12",3193860
"2020-10-13",3195508
"2020-10-14",3197064
"2020-10-15",3198552
"2020-10-16",3200247
"2020-10-17",3202199
"2020-10-18",3204128
"2020-10-19",3205912
"2020-10-20",3207266
"2020-10-21",3208516
"2020-10-22",3209795
"2020-10-23",3211300
"2020-10-24",3214269
"2020-10-25",3218273
"2020-10-26",3220632
"2020-10-27",3223381
"2020-10-28",3225430
"2020-10-29",3227526
"2020-10-30",3229879
"2020-10-31",3233187
"2020-11-01",3235296
"2020-11-02",3236814
"2020-11-03",3238395
"2020-11-04",3240066
"2020-11-05",3241721
"2020-11-06",3243081
"2020-11-07",3244804
"2020-11-08",3247197
"2020-11-09",3249063
"2020-11-10",3250967
"2020-11-11",3252807
"2020-11-12",3268151
"2020-11-13",3269669
"2020-11-14",3272026
"2020-11-15",3273998
"2020-11-16",3275766
"2020-11-17",3276951
"2020-11-18",3278125
"2020-11-19",3279749
"2020-11-20",3281007
"2020-11-21",3282426
"2020-11-22",3283871
"2020-11-23",3284854
"2020-11-24",3285750
"2020-11-25",3287115
"2020-11-26",3288319
"2020-11-27",3291693
"2020-11-28",3294805
"2020-11-29",3297335
"2020-11-30",3298443
"2020-12-01",3299813
"2020-12-02",3301814
"2020-12-03",3303636
"2020-12-04",3305728
"2020-12-05",3308244
"2020-12-06",3310778
"2020-12-07",3312588
"2020-12-08",3314110
"2020-12-09",3315594
"2020-12-10",3317459
"2020-12-11",3324608
"2020-12-12",3327213
"2020-12-13",3329247
"2020-12-14",3330973
"2020-12-15",3332293
"2020-12-16",3333532
"2020-12-17",3334341
"2020-12-18",3336007
"2020-12-19",3337965
"2020-12-20",3340051
"2020-12-21",3341687
"2020-12-22",3343530
"2020-12-23",3345012
"2020-12-24",3346684
"2020-12-25",3347861
"2020-12-26",3349464
"2020-12-27",3351040
"2020-12-28",3352088
"2020-12-29",3353256
"2020-12-30",3354217
"2020-12-31",3355415
"2021-01-01",3358224
"2021-01-02",3359725
"2021-01-03",3360479
"2021-01-04",3361357
"2021-01-05",3362237
"2021-01-06",3363289
"2021-01-07",3364079
"2021-01-08",3365393
"2021-01-09",3366659
"2021-01-10",3367733
"2021-01-11",3368454
"2021-01-12",3369466
"2021-01-13",3371113
"2021-01-14",3373220
"2021-01-15",3375022
"2021-01-16",3377864
"2021-01-17",3379131
"2021-01-18",3380237
"2021-01-19",3381154
"2021-01-20",3382422
"2021-01-21",3383841
"2021-01-22",3384980
"2021-01-23",3386336
"2021-01-24",3387803
"2021-01-25",3388893
"2021-01-26",3390778
"2021-01-27",3392102
"2021-01-28",3392899
"2021-01-29",3394884
"2021-01-30",3400161
"2021-01-31",3407348
"2021-02-01",3411590
"2021-02-02",3413126
"2021-02-03",3414003
"2021-02-04",3414948
"2021-02-05",3415597
"2021-02-06",3417457
"2021-02-07",3418977
"2021-02-08",3419840
"2021-02-09",3420439
"2021-02-10",3420958
"2021-02-11",3422963
"2021-02-12",3424946
"2021-02-13",3426809
"2021-02-14",3428838
"2021-02-15",3430450
"2021-02-16",3433111
"2021-02-17",3435295
"2021-02-18",3437186
"2021-02-19",3439204
"2021-02-20",3440940
"2021-02-21",3444712
"2021-02-22",3446464
"2021-02-23",3447778
"2021-02-24",3449938
"2021-02-25",3453012
"2021-02-26",3455494
"2021-02-27",3460173
"2021-02-28",3463352
"2021-03-01",3473995
"2021-03-02",3479211
"2021-03-03",3482134
"2021-03-04",3485454
"2021-03-05",3490043
"2021-03-06",3493983
"2021-03-07",3501148
"2021-03-08",3507131
"2021-03-09",3512255
"2021-03-10",3520825
"2021-03-11",3525549
"2021-03-12",3529959
"2021-03-13",3537994
"2021-03-14",3543213
"2021-03-15",3547240
"2021-03-16",3553104
"2021-03-17",3559588
"2021-03-18",3566129
"2021-03-19",3573093
"2021-03-20",3578996
"2021-03-21",3588735
"2021-03-22",3592709
"2021-03-23",3597034
"2021-03-24",3599992
"2021-03-25",3602831
"2021-03-26",3608516
"2021-03-27",3613206
"2021-03-28",3617499
"2021-03-29",3621141
"2021-03-30",3624223
"2021-03-31",3627041
"2021-04-01",3629742
"2021-04-02",3632505
"2021-04-03",3635421
"2021-04-04",3639024
"2021-04-05",3642441
"2021-04-06",3645357
"2021-04-07",3651737
"2021-04-08",3655877
"2021-04-09",3659810
"2021-04-10",3664370
"2021-04-11",3669295
"2021-04-12",3672865
"2021-04-13",3676299
"2021-04-14",3682112
"2021-04-15",3685785
"2021-04-16",3689226
"2021-04-17",3692730
"2021-04-18",3696004
"2021-04-19",3698573
"2021-04-20",3700796
"2021-04-21",3703163
"2021-04-22",3706711
"2021-04-23",3710590
"2021-04-24",3714512
"2021-04-25",3718622
"2021-04-26",3723048
"2021-04-27",3728989
"2021-04-28",3733598
"2021-04-29",3737714
"2021-04-30",3742570
"2021-05-01",3756360
"2021-05-02",3760895
"2021-05-03",3773596
"2021-05-04",3778749
"2021-05-05",3783275
"2021-05-06",3787780
"2021-05-07",3791744
"2021-05-08",3794560
"2021-05-09",3797662
"2021-05-10",3799259
"2021-05-11",3803297
"2021-05-12",3808237
"2021-05-13",3813038
"2021-05-14",3818758
"2021-05-15",3823980
"2021-05-16",3830013
"2021-05-17",3834804
"2021-05-18",3839683
"2021-05-19",3843403
"2021-05-20",3849281
"2021-05-21",3854846
"2021-05-22",3864766
"2021-05-23",3874623
"2021-05-24",3880924
"2021-05-25",3887243
"2021-05-26",3892665
"2021-05-27",3900405
"2021-05-28",3907879
"2021-05-29",3915978
"2021-05-30",3924110
"2021-05-31",3935466
"2021-06-01",3947597
"2021-06-02",3954993
"2021-06-03",3962232
"2021-06-04",3970626
"2021-06-05",3979003
"2021-06-06",3987791
"2021-06-07",3995780
"2021-06-08",4005147
"2021-06-09",4015646
"2021-06-10",4027212
"2021-06-11",4044485
"2021-06-12",4054161
"2021-06-13",4063724
"2021-06-14",4075813
"2021-06-15",4095038
"2021-06-16",4107688
"2021-06-17",4121565
"2021-06-18",4144229
"2021-06-19",4168257
"2021-06-20",4193512
"2021-06-21",4216789
"2021-06-22",4229851
"2021-06-23",4242609
"2021-06-24",4260363
"2021-06-25",4283797
"2021-06-26",4303931
"2021-06-27",4336196
"2021-06-28",4355961
"2021-06-29",4375924
"2021-06-30",4428379
"2021-07-01",4463338
"2021-07-02",4482602
"2021-07-03",4503687
"2021-07-04",4523867
"2021-07-05",4541852
"2021-07-06",4575737
"2021-07-07",4609799
"2021-07-08",4652187
"2021-07-09",4679976
"2021-07-10",4709698
"2021-07-11",4738694
"2021-07-12",4757918
"2021-07-13",4778536
"2021-07-14",4826050
"2021-07-15",4922759
"2021-07-16",5024611
"2021-07-17",5112214
"2021-07-18",5170096
"2021-07-19",5243448
"2021-07-20",5313805
"2021-07-21",5368586
"2021-07-22",5427199
"2021-07-23",5492315
"2021-07-24",5549076
"2021-07-25",5618993
"2021-07-26",5678019
"2021-07-27",5723918
"2021-07-28",5790411
"2021-07-29",5864471
"2021-07-30",5942001
"2021-07-31",6021936
"2021-08-01",6096708
"2021-08-02",6175991
"2021-08-03",6260280
"2021-08-04",6335411
"2021-08-05",6430670
"2021-08-06",6539517
"2021-08-07",6659582
"2021-08-08",6780247
"2021-08-09",6910186
"2021-08-10",7009708
"2021-08-11",7117852
"2021-08-12",7226210
"2021-08-13",7332646
"2021-08-14",7427758
"2021-08-15",7545519
"2021-08-16",7640476
"2021-08-17",7731364
"2021-08-18",7814490
"2021-08-19",7900460
"2021-08-20",7983183
"2021-08-21",8072306
"2021-08-22",8140761
"2021-08-23",8207372
"2021-08-24",8278965
"2021-08-25",8353187
"2021-08-26",8453436
"2021-08-27",8574503
"2021-08-28",8655739
"2021-08-29",8733373
"2021-08-30",8799513
"2021-08-31",8890140
"2021-09-01",8962395
"2021-09-02",9016632
"2021-09-03",9078076
"2021-09-04",9141247
"2021-09-05",9218224
"2021-09-06",9292330
"2021-09-07",9358762
"2021-09-08",9434213
"2021-09-09",9506555
"2021-09-10",9573840
"2021-09-11",9647609
"2021-09-12",9720853
"2021-09-13",9780880
"2021-09-14",9839772
"2021-09-15",9914517
"2021-09-16",9980489
"2021-09-17",10046065
"2021-09-18",10106940
"2021-09-19",10161809
"2021-09-20",10220605
"2021-09-21",10283244
"2021-09-22",10338627
"2021-09-23",10391075
"2021-09-24",10512413
"2021-09-25",10547901
"2021-09-26",10580028
"2021-09-27",10617900
"2021-09-28",10640572
"2021-09-29",10666676
"2021-09-30",5334659
"2021-10-01",5358100
"2021-10-02",5378786
"2021-10-03",5399423
"2021-10-04",5442890
"2021-10-05",5464527
"2021-10-06",5468416
"2021-10-07",5497944
"2021-10-08",5540494
"2021-10-09",5554294
"2021-10-10",5573802
"2021-10-11",5583191
"2021-10-12",5594720
"2021-10-13",5601525
"2021-10-14",5613149
"2021-10-15",5622061
"2021-10-16",5626154
"2021-10-17",5634009
"2021-10-18",5707781
"2021-10-19",5799828
"2021-10-20",5863856
"2021-10-21",5889879
"2021-10-22",5912370
"2021-10-23",5994051
"2021-10-24",6063771
"2021-10-25",6082659
"2021-10-26",6098329
"2021-10-27",6191938
"2021-10-28",6207391
"2021-10-29",6221412
"2021-10-30",6270686
"2021-10-31",6306451
"2021-11-01",6318557
"2021-11-02",6365554
"2021-11-03",6387576
"2021-11-04",6392713
"2021-11-05",6398169
"2021-11-06",6472314
"2021-11-07",6496920
"2021-11-08",6541355
"2021-11-09",6573511
"2021-11-10",6625405
"2021-11-11",6633215
"2021-11-12",6639372
"2021-11-13",6706901
"2021-11-14",6741042
"2021-11-15",10002645
"2021-11-16",6836313
"2021-11-17",6889412
"2021-11-18",6946771
"2021-11-19",6982585
"2021-11-20",7056442
"2021-11-21",7095413
"2021-11-22",7147833
"2021-11-23",7241869
"2021-11-24",7394788
"2021-11-25",7486770
"2021-11-26",7548276
"2021-11-27",7637550
"2021-11-28",7712705
"2021-11-29",7813343
"2021-11-30",7877199
"2021-12-01",7986244
"2021-12-02",8055516
"2021-12-03",8108963
"2021-12-04",8199039
"2021-12-05",8463971
"2021-12-06",8712018
"2021-12-07",9070349
"2021-12-08",9186646
"2021-12-09",9192331
"2021-12-10",9427518
"2021-12-11",9629576
"2021-12-12",9850784
"2021-12-13",10075427
"2021-12-14",10294926
"2021-12-15",10513225
"2021-12-16",10669734
"2021-12-17",10802152
"2021-12-18",10948731
"2021-12-19",11121021
"2021-12-20",11309209
"2021-12-21",11486749
"2021-12-22",11648645
"2021-12-23",11797513
"2021-12-24",11953483
"2021-12-25",12139857
"2021-12-26",12301329
"2021-12-27",14304665
"2021-12-28",14308119
"2021-12-29",14312094
"2021-12-30",14315421
"2021-12-31",14319317
"2022-01-01",14496128
"2022-01-02",14500373
"2022-01-03",14541159
"2022-01-04",14591387
"2022-01-05",14736862
"2022-01-06",14847351
"2022-01-07",14915751
"2022-01-08",7663151
"2022-01-09",15251835
"2022-01-10",15354234
"2022-01-11",15518352
"2022-01-12",15607463
"2022-01-13",15701115
"2022-01-14",15704355
"2022-01-15",15932776
"2022-01-16",16140578
"2022-01-17",16256625
"2022-01-18",16385153
"2022-01-19",16489749
"2022-01-20",16548277
"2022-01-21",16632079
"2022-01-22",16733967
"2022-01-23",16872810
"2022-01-24",16994378
"2022-01-25",17103115
"2022-01-26",17183847
"2022-01-27",17205186
"2022-01-28",17210978
"2022-01-29",17300115
"2022-01-30",17374152
"2022-01-31",17412126
"2022-02-01",17424628
"2022-02-02",17467822
"2022-02-03",17473600
"2022-02-04",17477696
"2022-02-05",17524551
"2022-02-06",17549015
"2022-02-07",17579756
"2022-02-08",17585646
"2022-02-09",17590289
"2022-02-10",17589265