"Date","Secondary Sales"
"2017-06-22",0
"2017-06-23",19
"2017-06-24",40
"2017-06-25",53
"2017-06-26",67
"2017-06-27",100
"2017-06-28",115
"2017-06-29",153
"2017-06-30",174
"2017-07-01",184
"2017-07-02",215
"2017-07-03",266
"2017-07-04",324
"2017-07-05",342
"2017-07-06",365
"2017-07-07",402
"2017-07-08",432
"2017-07-09",444
"2017-07-10",461
"2017-07-11",504
"2017-07-12",521
"2017-07-13",552
"2017-07-14",559
"2017-07-15",564
"2017-07-16",567
"2017-07-17",572
"2017-07-18",602
"2017-07-19",633
"2017-07-20",654
"2017-07-21",675
"2017-07-22",688
"2017-07-23",694
"2017-07-24",709
"2017-07-25",717
"2017-07-26",722
"2017-07-27",724
"2017-07-28",729
"2017-07-29",737
"2017-07-30",753
"2017-07-31",755
"2017-08-01",757
"2017-08-02",758
"2017-08-03",779
"2017-08-04",779
"2017-08-05",781
"2017-08-06",781
"2017-08-07",782
"2017-08-08",787
"2017-08-09",790
"2017-08-10",792
"2017-08-11",800
"2017-08-12",817
"2017-08-13",824
"2017-08-14",827
"2017-08-15",831
"2017-08-16",833
"2017-08-17",835
"2017-08-18",836
"2017-08-19",837
"2017-08-20",838
"2017-08-21",846
"2017-08-22",847
"2017-08-23",849
"2017-08-24",849
"2017-08-25",852
"2017-08-26",853
"2017-08-27",853
"2017-08-28",862
"2017-08-29",863
"2017-08-30",865
"2017-08-31",866
"2017-09-01",871
"2017-09-02",874
"2017-09-03",874
"2017-09-04",877
"2017-09-05",877
"2017-09-06",877
"2017-09-07",877
"2017-09-08",878
"2017-09-09",878
"2017-09-10",881
"2017-09-11",883
"2017-09-12",885
"2017-09-13",885
"2017-09-14",885
"2017-09-15",885
"2017-09-16",886
"2017-09-17",888
"2017-09-18",889
"2017-09-19",893
"2017-09-20",896
"2017-09-21",900
"2017-09-22",901
"2017-09-23",905
"2017-09-24",906
"2017-09-25",906
"2017-09-26",906
"2017-09-27",910
"2017-09-28",911
"2017-09-29",918
"2017-09-30",928
"2017-10-01",929
"2017-10-02",929
"2017-10-03",929
"2017-10-04",930
"2017-10-05",930
"2017-10-06",930
"2017-10-07",930
"2017-10-08",931
"2017-10-09",932
"2017-10-10",932
"2017-10-11",933
"2017-10-12",934
"2017-10-13",938
"2017-10-14",942
"2017-10-15",945
"2017-10-16",947
"2017-10-17",947
"2017-10-18",947
"2017-10-19",948
"2017-10-20",949
"2017-10-21",950
"2017-10-22",950
"2017-10-23",950
"2017-10-24",950
"2017-10-25",951
"2017-10-26",958
"2017-10-27",964
"2017-10-28",970
"2017-10-29",971
"2017-10-30",974
"2017-10-31",980
"2017-11-01",984
"2017-11-02",987
"2017-11-03",987
"2017-11-04",990
"2017-11-05",990
"2017-11-06",990
"2017-11-07",991
"2017-11-08",991
"2017-11-09",993
"2017-11-10",993
"2017-11-11",993
"2017-11-12",994
"2017-11-13",996
"2017-11-14",997
"2017-11-15",999
"2017-11-16",999
"2017-11-17",999
"2017-11-18",999
"2017-11-19",1000
"2017-11-20",1004
"2017-11-21",1009
"2017-11-22",1030
"2017-11-23",1182
"2017-11-24",1662
"2017-11-25",1854
"2017-11-26",1984
"2017-11-27",2138
"2017-11-28",2675
"2017-11-29",4457
"2017-11-30",6351
"2017-12-01",8459
"2017-12-02",12799
"2017-12-03",25858
"2017-12-04",41316
"2017-12-05",57584
"2017-12-06",70162
"2017-12-07",85979
"2017-12-08",104162
"2017-12-09",124116
"2017-12-10",144530
"2017-12-11",163569
"2017-12-12",177117
"2017-12-13",189598
"2017-12-14",200611
"2017-12-15",208875
"2017-12-16",217373
"2017-12-17",224697
"2017-12-18",232037
"2017-12-19",236983
"2017-12-20",247565
"2017-12-21",252955
"2017-12-22",256661
"2017-12-23",260669
"2017-12-24",264592
"2017-12-25",267779
"2017-12-26",270731
"2017-12-27",274156
"2017-12-28",277521
"2017-12-29",280451
"2017-12-30",283217
"2017-12-31",285880
"2018-01-01",288701
"2018-01-02",291247
"2018-01-03",292761
"2018-01-04",293779
"2018-01-05",294675
"2018-01-06",295908
"2018-01-07",297161
"2018-01-08",298215
"2018-01-09",298919
"2018-01-10",299433
"2018-01-11",300265
"2018-01-12",301275
"2018-01-13",302149
"2018-01-14",303126
"2018-01-15",303813
"2018-01-16",304568
"2018-01-17",305391
"2018-01-18",306378
"2018-01-19",307472
"2018-01-20",308651
"2018-01-21",309809
"2018-01-22",310967
"2018-01-23",312111
"2018-01-24",313085
"2018-01-25",313960
"2018-01-26",314929
"2018-01-27",316050
"2018-01-28",317107
"2018-01-29",318056
"2018-01-30",319091
"2018-01-31",320045
"2018-02-01",320702
"2018-02-02",321578
"2018-02-03",322445
"2018-02-04",323185
"2018-02-05",324174
"2018-02-06",325308
"2018-02-07",326369
"2018-02-08",327422
"2018-02-09",328577
"2018-02-10",329468
"2018-02-11",330858
"2018-02-12",332068
"2018-02-13",333527
"2018-02-14",336384
"2018-02-15",339283
"2018-02-16",341023
"2018-02-17",342561
"2018-02-18",344418
"2018-02-19",346304
"2018-02-20",347707
"2018-02-21",348929
"2018-02-22",350082
"2018-02-23",351381
"2018-02-24",353644
"2018-02-25",355353
"2018-02-26",356900
"2018-02-27",359329
"2018-02-28",360924
"2018-03-01",362386
"2018-03-02",363609
"2018-03-03",364821
"2018-03-04",366092
"2018-03-05",367089
"2018-03-06",368337
"2018-03-07",370142
"2018-03-08",371801
"2018-03-09",373187
"2018-03-10",374254
"2018-03-11",375349
"2018-03-12",377102
"2018-03-13",378045
"2018-03-14",379313
"2018-03-15",380348
"2018-03-16",381288
"2018-03-17",382232
"2018-03-18",382985
"2018-03-19",383836
"2018-03-20",384976
"2018-03-21",386388
"2018-03-22",387714
"2018-03-23",389064
"2018-03-24",390284
"2018-03-25",391400
"2018-03-26",392427
"2018-03-27",393743
"2018-03-28",394714
"2018-03-29",395551
"2018-03-30",396619
"2018-03-31",397633
"2018-04-01",398608
"2018-04-02",399823
"2018-04-03",400902
"2018-04-04",401935
"2018-04-05",402959
"2018-04-06",404295
"2018-04-07",405350
"2018-04-08",406624
"2018-04-09",407720
"2018-04-10",408725
"2018-04-11",409985
"2018-04-12",411139
"2018-04-13",412745
"2018-04-14",413938
"2018-04-15",415108
"2018-04-16",416251
"2018-04-17",417347
"2018-04-18",418239
"2018-04-19",419122
"2018-04-20",419987
"2018-04-21",420837
"2018-04-22",421555
"2018-04-23",422232
"2018-04-24",423060
"2018-04-25",424010
"2018-04-26",424665
"2018-04-27",425727
"2018-04-28",426509
"2018-04-29",427212
"2018-04-30",427951
"2018-05-01",428651
"2018-05-02",429261
"2018-05-03",429812
"2018-05-04",430481
"2018-05-05",431086
"2018-05-06",431759
"2018-05-07",432452
"2018-05-08",433343
"2018-05-09",433914
"2018-05-10",434507
"2018-05-11",435246
"2018-05-12",435882
"2018-05-13",436449
"2018-05-14",436896
"2018-05-15",437432
"2018-05-16",438153
"2018-05-17",438708
"2018-05-18",439242
"2018-05-19",439831
"2018-05-20",440440
"2018-05-21",440994
"2018-05-22",441426
"2018-05-23",441796
"2018-05-24",442647
"2018-05-25",443698
"2018-05-26",444432
"2018-05-27",445133
"2018-05-28",445763
"2018-05-29",446372
"2018-05-30",447095
"2018-05-31",447766
"2018-06-01",448535
"2018-06-02",449089
"2018-06-03",449587
"2018-06-04",450059
"2018-06-05",450610
"2018-06-06",451241
"2018-06-07",451862
"2018-06-08",452457
"2018-06-09",453030
"2018-06-10",453487
"2018-06-11",454004
"2018-06-12",454611
"2018-06-13",455212
"2018-06-14",455582
"2018-06-15",456170
"2018-06-16",456548
"2018-06-17",456979
"2018-06-18",457579
"2018-06-19",458191
"2018-06-20",458808
"2018-06-21",459399
"2018-06-22",460271
"2018-06-23",460965
"2018-06-24",461563
"2018-06-25",462177
"2018-06-26",462774
"2018-06-27",463363
"2018-06-28",463939
"2018-06-29",464661
"2018-06-30",465017
"2018-07-01",465278
"2018-07-02",465404
"2018-07-03",465568
"2018-07-04",465714
"2018-07-05",466019
"2018-07-06",466243
"2018-07-07",466381
"2018-07-08",466719
"2018-07-09",467106
"2018-07-10",467482
"2018-07-11",468111
"2018-07-12",468624
"2018-07-13",469104
"2018-07-14",469340
"2018-07-15",469669
"2018-07-16",470116
"2018-07-17",470623
"2018-07-18",471139
"2018-07-19",471960
"2018-07-20",472645
"2018-07-21",473118
"2018-07-22",473698
"2018-07-23",474544
"2018-07-24",475128
"2018-07-25",475635
"2018-07-26",476284
"2018-07-27",476956
"2018-07-28",477522
"2018-07-29",478078
"2018-07-30",478570
"2018-07-31",479113
"2018-08-01",479599
"2018-08-02",480255
"2018-08-03",480835
"2018-08-04",481505
"2018-08-05",482210
"2018-08-06",482844
"2018-08-07",483334
"2018-08-08",483632
"2018-08-09",483968
"2018-08-10",484395
"2018-08-11",484979
"2018-08-12",485669
"2018-08-13",486464
"2018-08-14",487361
"2018-08-15",488096
"2018-08-16",488897
"2018-08-17",489771
"2018-08-18",491339
"2018-08-19",492546
"2018-08-20",493595
"2018-08-21",494579
"2018-08-22",495224
"2018-08-23",496219
"2018-08-24",497324
"2018-08-25",498490
"2018-08-26",499299
"2018-08-27",500063
"2018-08-28",500966
"2018-08-29",502090
"2018-08-30",503305
"2018-08-31",504500
"2018-09-01",505678
"2018-09-02",506837
"2018-09-03",507864
"2018-09-04",508823
"2018-09-05",510060
"2018-09-06",511501
"2018-09-07",513137
"2018-09-08",514568
"2018-09-09",516353
"2018-09-10",517729
"2018-09-11",519459
"2018-09-12",521174
"2018-09-13",522520
"2018-09-14",523925
"2018-09-15",525005
"2018-09-16",525879
"2018-09-17",526755
"2018-09-18",527907
"2018-09-19",528896
"2018-09-20",529706
"2018-09-21",530495
"2018-09-22",531376
"2018-09-23",532329
"2018-09-24",533288
"2018-09-25",534354
"2018-09-26",535419
"2018-09-27",536637
"2018-09-28",537501
"2018-09-29",538410
"2018-09-30",539243
"2018-10-01",539860
"2018-10-02",540498
"2018-10-03",541295
"2018-10-04",542033
"2018-10-05",543154
"2018-10-06",543963
"2018-10-07",544939
"2018-10-08",545874
"2018-10-09",546763
"2018-10-10",547762
"2018-10-11",548689
"2018-10-12",549559
"2018-10-13",550446
"2018-10-14",551160
"2018-10-15",551890
"2018-10-16",552770
"2018-10-17",553790
"2018-10-18",554679
"2018-10-19",556131
"2018-10-20",557110
"2018-10-21",557924
"2018-10-22",558562
"2018-10-23",559446
"2018-10-24",560531
"2018-10-25",561335
"2018-10-26",562107
"2018-10-27",563036
"2018-10-28",563926
"2018-10-29",564735
"2018-10-30",565527
"2018-10-31",566413
"2018-11-01",567437
"2018-11-02",568410
"2018-11-03",569282
"2018-11-04",570249
"2018-11-05",571212
"2018-11-06",572101
"2018-11-07",572812
"2018-11-08",573755
"2018-11-09",574668
"2018-11-10",575474
"2018-11-11",576192
"2018-11-12",576999
"2018-11-13",578044
"2018-11-14",579134
"2018-11-15",580663
"2018-11-16",581792
"2018-11-17",582691
"2018-11-18",583745
"2018-11-19",584496
"2018-11-20",585289
"2018-11-21",586276
"2018-11-22",587426
"2018-11-23",588306
"2018-11-24",589169
"2018-11-25",589973
"2018-11-26",591096
"2018-11-27",592160
"2018-11-28",593190
"2018-11-29",594088
"2018-11-30",595027
"2018-12-01",596477
"2018-12-02",597456
"2018-12-03",598486
"2018-12-04",599570
"2018-12-05",608640
"2018-12-06",609794
"2018-12-07",612002
"2018-12-08",613776
"2018-12-09",614965
"2018-12-10",616084
"2018-12-11",617073
"2018-12-12",618106
"2018-12-13",619194
"2018-12-14",620296
"2018-12-15",621557
"2018-12-16",622628
"2018-12-17",623449
"2018-12-18",624311
"2018-12-19",625223
"2018-12-20",626268
"2018-12-21",627106
"2018-12-22",628003
"2018-12-23",628990
"2018-12-24",629934
"2018-12-25",630704
"2018-12-26",631492
"2018-12-27",632175
"2018-12-28",633074
"2018-12-29",633973
"2018-12-30",634641
"2018-12-31",635378
"2019-01-01",636075
"2019-01-02",636810
"2019-01-03",637569
"2019-01-04",638291
"2019-01-05",638994
"2019-01-06",639756
"2019-01-07",640720
"2019-01-08",641448
"2019-01-09",642162
"2019-01-10",643632
"2019-01-11",645445
"2019-01-12",646640
"2019-01-13",648002
"2019-01-14",649161
"2019-01-15",650178
"2019-01-16",651131
"2019-01-17",652232
"2019-01-18",653260
"2019-01-19",654484
"2019-01-20",656094
"2019-01-21",657274
"2019-01-22",658133
"2019-01-23",659191
"2019-01-24",660131
"2019-01-25",661205
"2019-01-26",662802
"2019-01-27",664073
"2019-01-28",665205
"2019-01-29",666266
"2019-01-30",667383
"2019-01-31",668221
"2019-02-01",669400
"2019-02-02",670403
"2019-02-03",671536
"2019-02-04",672557
"2019-02-05",673537
"2019-02-06",674384
"2019-02-07",675170
"2019-02-08",675911
"2019-02-09",677224
"2019-02-10",678487
"2019-02-11",679855
"2019-02-12",681084
"2019-02-13",682371
"2019-02-14",683567
"2019-02-15",684673
"2019-02-16",686062
"2019-02-17",687469
"2019-02-18",688675
"2019-02-19",689695
"2019-02-20",690837
"2019-02-21",692207
"2019-02-22",693505
"2019-02-23",694911
"2019-02-24",695795
"2019-02-25",696685
"2019-02-26",697622
"2019-02-27",698542
"2019-02-28",699462
"2019-03-01",700638
"2019-03-02",702130
"2019-03-03",703513
"2019-03-04",704638
"2019-03-05",705833
"2019-03-06",707118
"2019-03-07",708233
"2019-03-08",709704
"2019-03-09",711068
"2019-03-10",712371
"2019-03-11",713775
"2019-03-12",715327
"2019-03-13",716609
"2019-03-14",717778
"2019-03-15",719333
"2019-03-16",720961
"2019-03-17",722367
"2019-03-18",723569
"2019-03-19",724870
"2019-03-20",726234
"2019-03-21",727861
"2019-03-22",729484
"2019-03-23",730791
"2019-03-24",732131
"2019-03-25",733591
"2019-03-26",735174
"2019-03-27",736574
"2019-03-28",738046
"2019-03-29",739478
"2019-03-30",741338
"2019-03-31",743292
"2019-04-01",744696
"2019-04-02",746109
"2019-04-03",747174
"2019-04-04",748341
"2019-04-05",749384
"2019-04-06",750524
"2019-04-07",751550
"2019-04-08",752487
"2019-04-09",753398
"2019-04-10",754249
"2019-04-11",755019
"2019-04-12",755893
"2019-04-13",757119
"2019-04-14",758258
"2019-04-15",759123
"2019-04-16",760093
"2019-04-17",761207
"2019-04-18",762311
"2019-04-19",763290
"2019-04-20",764414
"2019-04-21",765349
"2019-04-22",766211
"2019-04-23",767178
"2019-04-24",768285
"2019-04-25",769263
"2019-04-26",770105
"2019-04-27",771338
"2019-04-28",772526
"2019-04-29",773544
"2019-04-30",774609
"2019-05-01",775883
"2019-05-02",777049
"2019-05-03",778003
"2019-05-04",779238
"2019-05-05",780274
"2019-05-06",781362
"2019-05-07",782287
"2019-05-08",783169
"2019-05-09",784284
"2019-05-10",785544
"2019-05-11",786749
"2019-05-12",787798
"2019-05-13",788792
"2019-05-14",789841
"2019-05-15",790696
"2019-05-16",791754
"2019-05-17",792638
"2019-05-18",793678
"2019-05-19",794759
"2019-05-20",795677
"2019-05-21",796707
"2019-05-22",798030
"2019-05-23",799191
"2019-05-24",800560
"2019-05-25",801890
"2019-05-26",803162
"2019-05-27",804677
"2019-05-28",805955
"2019-05-29",807240
"2019-05-30",808875
"2019-05-31",810181
"2019-06-01",811114
"2019-06-02",812081
"2019-06-03",813089
"2019-06-04",814081
"2019-06-05",815451
"2019-06-06",816756
"2019-06-07",818194
"2019-06-08",819160
"2019-06-09",820521
"2019-06-10",821700
"2019-06-11",823056
"2019-06-12",824915
"2019-06-13",826978
"2019-06-14",828186
"2019-06-15",829271
"2019-06-16",830561
"2019-06-17",831675
"2019-06-18",832962
"2019-06-19",834196
"2019-06-20",835051
"2019-06-21",836296
"2019-06-22",837624
"2019-06-23",838988
"2019-06-24",840184
"2019-06-25",841094
"2019-06-26",842111
"2019-06-27",843024
"2019-06-28",843727
"2019-06-29",844656
"2019-06-30",845417
"2019-07-01",846000
"2019-07-02",846605
"2019-07-03",847383
"2019-07-04",848281
"2019-07-05",848914
"2019-07-06",849829
"2019-07-07",850714
"2019-07-08",851721
"2019-07-09",853143
"2019-07-10",854186
"2019-07-11",854896
"2019-07-12",855680
"2019-07-13",856467
"2019-07-14",857279
"2019-07-15",858084
"2019-07-16",858532
"2019-07-17",859304
"2019-07-18",860705
"2019-07-19",861529
"2019-07-20",862674
"2019-07-21",863514
"2019-07-22",864274
"2019-07-23",865013
"2019-07-24",865826
"2019-07-25",866473
"2019-07-26",867221
"2019-07-27",867844
"2019-07-28",868440
"2019-07-29",869229
"2019-07-30",869943
"2019-07-31",870835
"2019-08-01",871680
"2019-08-02",872557
"2019-08-03",873396
"2019-08-04",874615
"2019-08-05",875552
"2019-08-06",876325
"2019-08-07",877305
"2019-08-08",878201
"2019-08-09",878905
"2019-08-10",879512
"2019-08-11",880271
"2019-08-12",881050
"2019-08-13",882167
"2019-08-14",883030
"2019-08-15",883720
"2019-08-16",884586
"2019-08-17",885511
"2019-08-18",886421
"2019-08-19",887128
"2019-08-20",888013
"2019-08-21",888705
"2019-08-22",889571
"2019-08-23",890414
"2019-08-24",891337
"2019-08-25",892082
"2019-08-26",892705
"2019-08-27",893288
"2019-08-28",893961
"2019-08-29",894626
"2019-08-30",895239
"2019-08-31",896370
"2019-09-01",897244
"2019-09-02",897936
"2019-09-03",898539
"2019-09-04",899230
"2019-09-05",899766
"2019-09-06",900274
"2019-09-07",900781
"2019-09-08",901241
"2019-09-09",901809
"2019-09-10",902320
"2019-09-11",902824
"2019-09-12",903419
"2019-09-13",904001
"2019-09-14",904621
"2019-09-15",905454
"2019-09-16",905886
"2019-09-17",906428
"2019-09-18",906883
"2019-09-19",907351
"2019-09-20",907756
"2019-09-21",908431
"2019-09-22",908988
"2019-09-23",909623
"2019-09-24",910104
"2019-09-25",910618
"2019-09-26",911106
"2019-09-27",911570
"2019-09-28",912129
"2019-09-29",912750
"2019-09-30",913279
"2019-10-01",913890
"2019-10-02",914406
"2019-10-03",914981
"2019-10-04",915629
"2019-10-05",916247
"2019-10-06",917292
"2019-10-07",918066
"2019-10-08",918965
"2019-10-09",919663
"2019-10-10",920261
"2019-10-11",920965
"2019-10-12",921849
"2019-10-13",922487
"2019-10-14",922981
"2019-10-15",923600
"2019-10-16",924503
"2019-10-17",925299
"2019-10-18",926105
"2019-10-19",927006
"2019-10-20",927902
"2019-10-21",928840
"2019-10-22",929934
"2019-10-23",930621
"2019-10-24",931319
"2019-10-25",932207
"2019-10-26",933280
"2019-10-27",934226
"2019-10-28",935260
"2019-10-29",936081
"2019-10-30",936927
"2019-10-31",937826
"2019-11-01",938655
"2019-11-02",939521
"2019-11-03",940280
"2019-11-04",941051
"2019-11-05",941803
"2019-11-06",942595
"2019-11-07",943194
"2019-11-08",943756
"2019-11-09",944641
"2019-11-10",945446
"2019-11-11",946188
"2019-11-12",946937
"2019-11-13",947964
"2019-11-14",948575
"2019-11-15",949115
"2019-11-16",949746
"2019-11-17",950426
"2019-11-18",951052
"2019-11-19",951653
"2019-11-20",952350
"2019-11-21",952999
"2019-11-22",963995
"2019-11-23",977503
"2019-11-24",994118
"2019-11-25",1001638
"2019-11-26",1010335
"2019-11-27",1019700
"2019-11-28",1028133
"2019-11-29",1043863
"2019-11-30",1054196
"2019-12-01",1067693
"2019-12-02",1079092
"2019-12-03",1085739
"2019-12-04",1091599
"2019-12-05",1097338
"2019-12-06",1103942
"2019-12-07",1110994
"2019-12-08",1119133
"2019-12-09",1126444
"2019-12-10",1131842
"2019-12-11",1136812
"2019-12-12",1140773
"2019-12-13",1144364
"2019-12-14",1147459
"2019-12-15",1151038
"2019-12-16",1154194
"2019-12-17",1155934
"2019-12-18",1158212
"2019-12-19",1160411
"2019-12-20",1163058
"2019-12-21",1167774
"2019-12-22",1172970
"2019-12-23",1175313
"2019-12-24",1177542
"2019-12-25",1179704
"2019-12-26",1181961
"2019-12-27",1185984
"2019-12-28",1190579
"2019-12-29",1195993
"2019-12-30",1199733
"2019-12-31",1203672
"2020-01-01",1207525
"2020-01-02",1213972
"2020-01-03",1219710
"2020-01-04",1229642
"2020-01-05",1236806
"2020-01-06",1240922
"2020-01-07",1247120
"2020-01-08",1251481
"2020-01-09",1256600
"2020-01-10",1261297
"2020-01-11",1266297
"2020-01-12",1272931
"2020-01-13",1278565
"2020-01-14",1282895
"2020-01-15",1287450
"2020-01-16",1289602
"2020-01-17",1291849
"2020-01-18",1295445
"2020-01-19",1299619
"2020-01-20",1303910
"2020-01-21",1307757
"2020-01-22",1310673
"2020-01-23",1315119
"2020-01-24",1328121
"2020-01-25",1335179
"2020-01-26",1343373
"2020-01-27",1349648
"2020-01-28",1354314
"2020-01-29",1357738
"2020-01-30",1360092
"2020-01-31",1363581
"2020-02-01",1368082
"2020-02-02",1370241
"2020-02-03",1372030
"2020-02-04",1373337
"2020-02-05",1374890
"2020-02-06",1376335
"2020-02-07",1378360
"2020-02-08",1384643
"2020-02-09",1396407
"2020-02-10",1400160
"2020-02-11",1402970
"2020-02-12",1405531
"2020-02-13",1408165
"2020-02-14",1409940
"2020-02-15",1411391
"2020-02-16",1412761
"2020-02-17",1415455
"2020-02-18",1417165
"2020-02-19",1418965
"2020-02-20",1420861
"2020-02-21",1423219
"2020-02-22",1425904
"2020-02-23",1429194
"2020-02-24",1433323
"2020-02-25",1435486
"2020-02-26",1437773
"2020-02-27",1441028
"2020-02-28",1443372
"2020-02-29",1449516
"2020-03-01",1454588
"2020-03-02",1463883
"2020-03-03",1465797
"2020-03-04",1468737
"2020-03-05",1471529
"2020-03-06",1474513
"2020-03-07",1478415
"2020-03-08",1480605
"2020-03-09",1482347
"2020-03-10",1486080
"2020-03-11",1492626
"2020-03-12",1495395
"2020-03-13",1496535
"2020-03-14",1499230
"2020-03-15",1503367
"2020-03-16",1508602
"2020-03-17",1514061
"2020-03-18",1520348
"2020-03-19",1524389
"2020-03-20",1527638
"2020-03-21",1530481
"2020-03-22",1532091
"2020-03-23",1534114
"2020-03-24",1535702
"2020-03-25",1537395
"2020-03-26",1540716
"2020-03-27",1543624
"2020-03-28",1548961
"2020-03-29",1551530
"2020-03-30",1554244
"2020-03-31",1556891
"2020-04-01",1561316
"2020-04-02",1563027
"2020-04-03",1567688
"2020-04-04",1576217
"2020-04-05",1579847
"2020-04-06",1585170
"2020-04-07",1587947
"2020-04-08",1590048
"2020-04-09",1591946
"2020-04-10",1593715
"2020-04-11",1597986
"2020-04-12",1601292
"2020-04-13",1603906
"2020-04-14",1610013
"2020-04-15",1612590
"2020-04-16",1614259
"2020-04-17",1616166
"2020-04-18",1618299
"2020-04-19",1621237
"2020-04-20",1622412
"2020-04-21",1623831
"2020-04-22",1625668
"2020-04-23",1627309
"2020-04-24",1628916
"2020-04-25",1631430
"2020-04-26",1633474
"2020-04-27",1635790
"2020-04-28",1637985
"2020-04-29",1639189
"2020-04-30",1640208
"2020-05-01",1642273
"2020-05-02",1644136
"2020-05-03",1647343
"2020-05-04",1648585
"2020-05-05",1649558
"2020-05-06",1650350
"2020-05-07",1651002
"2020-05-08",1651731
"2020-05-09",1652744
"2020-05-10",1653576
"2020-05-11",1654291
"2020-05-12",1655052
"2020-05-13",1655688
"2020-05-14",1656325
"2020-05-15",1657306
"2020-05-16",1658197
"2020-05-17",1659201
"2020-05-18",1659881
"2020-05-19",1660618
"2020-05-20",1661497
"2020-05-21",1662228
"2020-05-22",1663116
"2020-05-23",1664828
"2020-05-24",1665894
"2020-05-25",1666510
"2020-05-26",1667255
"2020-05-27",1667903
"2020-05-28",1668636
"2020-05-29",1669356
"2020-05-30",1669972
"2020-05-31",1670781
"2020-06-01",1671380
"2020-06-02",1671930
"2020-06-03",1672518
"2020-06-04",1673371
"2020-06-05",1674172
"2020-06-06",1675020
"2020-06-07",1675687
"2020-06-08",1676244
"2020-06-09",1676857
"2020-06-10",1677534
"2020-06-11",1678258
"2020-06-12",1678820
"2020-06-13",1679556
"2020-06-14",1680650
"2020-06-15",1681289
"2020-06-16",1681854
"2020-06-17",1682391
"2020-06-18",1682864
"2020-06-19",1683435
"2020-06-20",1684299
"2020-06-21",1685021
"2020-06-22",1685529
"2020-06-23",1686028
"2020-06-24",1686584
"2020-06-25",1687434
"2020-06-26",1687910
"2020-06-27",1688441
"2020-06-28",1688968
"2020-06-29",1689516
"2020-06-30",1690023
"2020-07-01",1690739
"2020-07-02",1691336
"2020-07-03",1692022
"2020-07-04",1692820
"2020-07-05",1693521
"2020-07-06",1694223
"2020-07-07",1694957
"2020-07-08",1696054
"2020-07-09",1697140
"2020-07-10",1698130
"2020-07-11",1699201
"2020-07-12",1700261
"2020-07-13",1700855
"2020-07-14",1701512
"2020-07-15",1702203
"2020-07-16",1702889
"2020-07-17",1703450
"2020-07-18",1704094
"2020-07-19",1704576
"2020-07-20",1705035
"2020-07-21",1705577
"2020-07-22",1706107
"2020-07-23",1706638
"2020-07-24",1707104
"2020-07-25",1707681
"2020-07-26",1708116
"2020-07-27",1708523
"2020-07-28",1708994
"2020-07-29",1709371
"2020-07-30",1709881
"2020-07-31",1710242
"2020-08-01",1710646
"2020-08-02",1711091
"2020-08-03",1711426
"2020-08-04",1711926
"2020-08-05",1712535
"2020-08-06",1713243
"2020-08-07",1713968
"2020-08-08",1714794
"2020-08-09",1715308
"2020-08-10",1715692
"2020-08-11",1716035
"2020-08-12",1716158
"2020-08-13",1716540
"2020-08-14",1717070
"2020-08-15",1717433
"2020-08-16",1718079
"2020-08-17",1718484
"2020-08-18",1718900
"2020-08-19",1719271
"2020-08-20",1719731
"2020-08-21",1720090
"2020-08-22",1720524
"2020-08-23",1721087
"2020-08-24",1721495
"2020-08-25",1722031
"2020-08-26",1722406
"2020-08-27",1722924
"2020-08-28",1723489
"2020-08-29",1724019
"2020-08-30",1724370
"2020-08-31",1724664
"2020-09-01",1724721
"2020-09-02",1724895
"2020-09-03",1725219
"2020-09-04",1725701
"2020-09-05",1726045
"2020-09-06",1726663
"2020-09-07",1727187
"2020-09-08",1727687
"2020-09-09",1728229
"2020-09-10",1728710
"2020-09-11",1729276
"2020-09-12",1729787
"2020-09-13",1730380
"2020-09-14",1730927
"2020-09-15",1731704
"2020-09-16",1732473
"2020-09-17",1732673
"2020-09-18",1733604
"2020-09-19",1734533
"2020-09-20",1735720
"2020-09-21",1736666
"2020-09-22",1738661
"2020-09-23",1742120
"2020-09-24",1743907
"2020-09-25",1746720
"2020-09-26",1748331
"2020-09-27",1750135
"2020-09-28",1751824
"2020-09-29",1753183
"2020-09-30",1754479
"2020-10-01",1755574
"2020-10-02",1756829
"2020-10-03",1758100
"2020-10-04",1759399
"2020-10-05",1760516
"2020-10-06",1762089
"2020-10-07",1763388
"2020-10-08",1764443
"2020-10-09",1765632
"2020-10-10",1766677
"2020-10-11",1767911
"2020-10-12",1768941
"2020-10-13",1769853
"2020-10-14",1771033
"2020-10-15",1772230
"2020-10-16",1773010
"2020-10-17",1774442
"2020-10-18",1775637
"2020-10-19",1776612
"2020-10-20",1777490
"2020-10-21",1778268
"2020-10-22",1779097
"2020-10-23",1780616
"2020-10-24",1782341
"2020-10-25",1783891
"2020-10-26",1785253
"2020-10-27",1786656
"2020-10-28",1787789
"2020-10-29",1789100
"2020-10-30",1790340
"2020-10-31",1791748
"2020-11-01",1792780
"2020-11-02",1793708
"2020-11-03",1794694
"2020-11-04",1795678
"2020-11-05",1796546
"2020-11-06",1797440
"2020-11-07",1798345
"2020-11-08",1799604
"2020-11-09",1800521
"2020-11-10",1801687
"2020-11-11",1802928
"2020-11-12",1804581
"2020-11-13",1806439
"2020-11-14",1808250
"2020-11-15",1810112
"2020-11-16",1811445
"2020-11-17",1812651
"2020-11-18",1814036
"2020-11-19",1815456
"2020-11-20",1816569
"2020-11-21",1817613
"2020-11-22",1818710
"2020-11-23",1819586
"2020-11-24",1820346
"2020-11-25",1821135
"2020-11-26",1821856
"2020-11-27",1823011
"2020-11-28",1824083
"2020-11-29",1825107
"2020-11-30",1825773
"2020-12-01",1826561
"2020-12-02",1827439
"2020-12-03",1828133
"2020-12-04",1828994
"2020-12-05",1829916
"2020-12-06",1831029
"2020-12-07",1831969
"2020-12-08",1832880
"2020-12-09",1833599
"2020-12-10",1834381
"2020-12-11",1835412
"2020-12-12",1836629
"2020-12-13",1837712
"2020-12-14",1838506
"2020-12-15",1839338
"2020-12-16",1839969
"2020-12-17",1840412
"2020-12-18",1841150
"2020-12-19",1841837
"2020-12-20",1842808
"2020-12-21",1843394
"2020-12-22",1844343
"2020-12-23",1844941
"2020-12-24",1845714
"2020-12-25",1846455
"2020-12-26",1847129
"2020-12-27",1847800
"2020-12-28",1848456
"2020-12-29",1849154
"2020-12-30",1849779
"2020-12-31",1850286
"2021-01-01",1851003
"2021-01-02",1851638
"2021-01-03",1852094
"2021-01-04",1852620
"2021-01-05",1853219
"2021-01-06",1853784
"2021-01-07",1854314
"2021-01-08",1855132
"2021-01-09",1855812
"2021-01-10",1856552
"2021-01-11",1857105
"2021-01-12",1857771
"2021-01-13",1858516
"2021-01-14",1859142
"2021-01-15",1859802
"2021-01-16",1860324
"2021-01-17",1861060
"2021-01-18",1861972
"2021-01-19",1862682
"2021-01-20",1863589
"2021-01-21",1864388
"2021-01-22",1865524
"2021-01-23",1866376
"2021-01-24",1867293
"2021-01-25",1868034
"2021-01-26",1869195
"2021-01-27",1870114
"2021-01-28",1870711
"2021-01-29",1871658
"2021-01-30",1872665
"2021-01-31",1873801
"2021-02-01",1875156
"2021-02-02",1877330
"2021-02-03",1878821
"2021-02-04",1879804
"2021-02-05",1880695
"2021-02-06",1881761
"2021-02-07",1882714
"2021-02-08",1883490
"2021-02-09",1884375
"2021-02-10",1884932
"2021-02-11",1886526
"2021-02-12",1887528
"2021-02-13",1888818
"2021-02-14",1890688
"2021-02-15",1892542
"2021-02-16",1894614
"2021-02-17",1896537
"2021-02-18",1898205
"2021-02-19",1899604
"2021-02-20",1901147
"2021-02-21",1903339
"2021-02-22",1905267
"2021-02-23",1906411
"2021-02-24",1909572
"2021-02-25",1912070
"2021-02-26",1917904
"2021-02-27",1924681
"2021-02-28",1927927
"2021-03-01",1930628
"2021-03-02",1934674
"2021-03-03",1938415
"2021-03-04",1941644
"2021-03-05",1944872
"2021-03-06",1947784
"2021-03-07",1950121
"2021-03-08",1953314
"2021-03-09",1956407
"2021-03-10",1959528
"2021-03-11",1962596
"2021-03-12",1965405
"2021-03-13",1968481
"2021-03-14",1972488
"2021-03-15",1975789
"2021-03-16",1979086
"2021-03-17",1982155
"2021-03-18",1985577
"2021-03-19",1988656
"2021-03-20",1991830
"2021-03-21",1995479
"2021-03-22",1998955
"2021-03-23",2001574
"2021-03-24",2003864
"2021-03-25",2005920
"2021-03-26",2008313
"2021-03-27",2010597
"2021-03-28",2012884
"2021-03-29",2015454
"2021-03-30",2017457
"2021-03-31",2019120
"2021-04-01",2020786
"2021-04-02",2021608
"2021-04-03",2023290
"2021-04-04",2025619
"2021-04-05",2027294
"2021-04-06",2028958
"2021-04-07",2030648
"2021-04-08",2032503
"2021-04-09",2034404
"2021-04-10",2036300
"2021-04-11",2038404
"2021-04-12",2040159
"2021-04-13",2042128
"2021-04-14",2043561
"2021-04-15",2044987
"2021-04-16",2046768
"2021-04-17",2048313
"2021-04-18",2049726
"2021-04-19",2050810
"2021-04-20",2051346
"2021-04-21",2052740
"2021-04-22",2054040
"2021-04-23",2055817
"2021-04-24",2057105
"2021-04-25",2058633
"2021-04-26",2060036
"2021-04-27",2061507
"2021-04-28",2062668
"2021-04-29",2063932
"2021-04-30",2065857
"2021-05-01",2069275
"2021-05-02",2072746
"2021-05-03",2076366
"2021-05-04",2079616
"2021-05-05",2082135
"2021-05-06",2084425
"2021-05-07",2086747
"2021-05-08",2088066
"2021-05-09",2090046
"2021-05-10",2090951
"2021-05-11",2091862
"2021-05-12",2093048
"2021-05-13",2095061
"2021-05-14",2097830
"2021-05-15",2100850
"2021-05-16",2103613
"2021-05-17",2106544
"2021-05-18",2109783
"2021-05-19",2112317
"2021-05-20",2115586
"2021-05-21",2118918
"2021-05-22",2123032
"2021-05-23",2126280
"2021-05-24",2129838
"2021-05-25",2133858
"2021-05-26",2137962
"2021-05-27",2142174
"2021-05-28",2146392
"2021-05-29",2151388
"2021-05-30",2156769
"2021-05-31",2161885
"2021-06-01",2167914
"2021-06-02",2173431
"2021-06-03",2178560
"2021-06-04",2184384
"2021-06-05",2190008
"2021-06-06",2195547
"2021-06-07",2201401
"2021-06-08",2207371
"2021-06-09",2213023
"2021-06-10",2218812
"2021-06-11",2226175
"2021-06-12",2232474
"2021-06-13",2238551
"2021-06-14",2244195
"2021-06-15",2251924
"2021-06-16",2259720
"2021-06-17",2266489
"2021-06-18",2276337
"2021-06-19",2286353
"2021-06-20",2299387
"2021-06-21",2314597
"2021-06-22",2325036
"2021-06-23",2334997
"2021-06-24",2345591
"2021-06-25",2356592
"2021-06-26",2369852
"2021-06-27",2386305
"2021-06-28",2401385
"2021-06-29",2415994
"2021-06-30",2430941
"2021-07-01",2447490
"2021-07-02",2462928
"2021-07-03",2479035
"2021-07-04",2496724
"2021-07-05",2512581
"2021-07-06",2531583
"2021-07-07",2551689
"2021-07-08",2573966
"2021-07-09",2596097
"2021-07-10",2616309
"2021-07-11",2634850
"2021-07-12",2649497
"2021-07-13",2667237
"2021-07-14",2692787
"2021-07-15",2733589
"2021-07-16",2771903
"2021-07-17",2809505
"2021-07-18",2843133
"2021-07-19",2880236
"2021-07-20",2923783
"2021-07-21",2964560
"2021-07-22",3001727
"2021-07-23",3058365
"2021-07-24",3102954
"2021-07-25",3151361
"2021-07-26",3188348
"2021-07-27",3225624
"2021-07-28",3271305
"2021-07-29",3325707
"2021-07-30",3378057
"2021-07-31",3431227
"2021-08-01",3483556
"2021-08-02",3537862
"2021-08-03",3611969
"2021-08-04",3682934
"2021-08-05",3758766
"2021-08-06",3840157
"2021-08-07",3907474
"2021-08-08",3987770
"2021-08-09",4078281
"2021-08-10",4167961
"2021-08-11",4252059
"2021-08-12",4334634
"2021-08-13",4413995
"2021-08-14",4496871
"2021-08-15",4580385
"2021-08-16",4672819
"2021-08-17",4759302
"2021-08-18",4838632
"2021-08-19",4916815
"2021-08-20",4994738
"2021-08-21",5075305
"2021-08-22",5154738
"2021-08-23",5227842
"2021-08-24",5309611
"2021-08-25",5389502
"2021-08-26",5472279
"2021-08-27",5555112
"2021-08-28",5649054
"2021-08-29",5743913
"2021-08-30",5838052
"2021-08-31",5927266
"2021-09-01",6006006
"2021-09-02",6083756
"2021-09-03",6156291
"2021-09-04",6239173
"2021-09-05",6319788
"2021-09-06",6400619
"2021-09-07",6475890
"2021-09-08",6546736
"2021-09-09",6617764
"2021-09-10",6690898
"2021-09-11",6761100
"2021-09-12",6823110
"2021-09-13",6886090
"2021-09-14",6949587
"2021-09-15",7019135
"2021-09-16",7090568
"2021-09-17",7158576
"2021-09-18",7230596
"2021-09-19",7297805
"2021-09-20",7365326
"2021-09-21",7435025
"2021-09-22",7503343
"2021-09-23",7607108
"2021-09-24",7695797
"2021-09-25",7719242
"2021-09-26",7750480
"2021-09-27",7782647
"2021-09-28",7810125
"2021-09-29",7837465
"2021-09-30",3526174
"2021-10-01",3548824
"2021-10-02",3571757
"2021-10-03",3598742
"2021-10-04",3638027
"2021-10-05",3669403
"2021-10-06",3694546
"2021-10-07",3714870
"2021-10-08",3741168
"2021-10-09",3762413
"2021-10-10",3781773
"2021-10-11",3798311
"2021-10-12",3814242
"2021-10-13",3827129
"2021-10-14",3838475
"2021-10-15",3848763
"2021-10-16",3861218
"2021-10-17",3872177
"2021-10-18",3875587
"2021-10-19",3945272
"2021-10-20",3990166
"2021-10-21",4013743
"2021-10-22",4033855
"2021-10-23",4074263
"2021-10-24",4121851
"2021-10-25",4143102
"2021-10-26",4158797
"2021-10-27",4205174
"2021-10-28",4219818
"2021-10-29",4232987
"2021-10-30",4237007
"2021-10-31",4254714
"2021-11-01",4256254
"2021-11-02",4276645
"2021-11-03",4278088
"2021-11-04",4286059
"2021-11-05",4293078
"2021-11-06",4337221
"2021-11-07",4356962
"2021-11-08",4371791
"2021-11-09",4390514
"2021-11-10",4418206
"2021-11-11",4424365
"2021-11-12",4430059
"2021-11-13",4459412
"2021-11-14",4485491
"2021-11-15",5732903
"2021-11-16",4550462
"2021-11-17",4602366
"2021-11-18",4643095
"2021-11-19",4676898
"2021-11-20",4716854
"2021-11-21",4751559
"2021-11-22",4796995
"2021-11-23",4860024
"2021-11-24",4928863
"2021-11-25",4969416
"2021-11-26",5007026
"2021-11-27",5058851
"2021-11-28",5115819
"2021-11-29",5189255
"2021-11-30",5247867
"2021-12-01",5322139
"2021-12-02",5372797
"2021-12-03",5411384
"2021-12-04",5478667
"2021-12-05",5644790
"2021-12-06",5832599
"2021-12-07",6049431
"2021-12-08",6164430
"2021-12-09",6171712
"2021-12-10",6336522
"2021-12-11",6507820
"2021-12-12",6715232
"2021-12-13",6928043
"2021-12-14",7130969
"2021-12-15",7327885
"2021-12-16",7496093
"2021-12-17",7671577
"2021-12-18",7845298
"2021-12-19",8020657
"2021-12-20",8203490
"2021-12-21",8389912
"2021-12-22",8564135
"2021-12-23",8734786
"2021-12-24",8945018
"2021-12-25",9103573
"2021-12-26",9265572
"2021-12-27",12400253
"2021-12-28",12406838
"2021-12-29",12414056
"2021-12-30",12423484
"2021-12-31",12436006
"2022-01-01",12766204
"2022-01-02",12778616
"2022-01-03",12883726
"2022-01-04",12972789
"2022-01-05",13170586
"2022-01-06",13346954
"2022-01-07",13459606
"2022-01-08",9203799
"2022-01-09",13891126
"2022-01-10",14008210
"2022-01-11",14217838
"2022-01-12",14362566
"2022-01-13",14524907
"2022-01-14",14545698
"2022-01-15",14979820
"2022-01-16",15271860
"2022-01-17",15464131
"2022-01-18",15706658
"2022-01-19",15913801
"2022-01-20",16067261
"2022-01-21",16314730
"2022-01-22",16523118
"2022-01-23",16767992
"2022-01-24",17000164
"2022-01-25",17241759
"2022-01-26",17333314
"2022-01-27",17366821
"2022-01-28",17388302
"2022-01-29",17466819
"2022-01-30",17525898
"2022-01-31",17573499
"2022-02-01",17609089
"2022-02-02",17665119
"2022-02-03",17688124
"2022-02-04",17707450
"2022-02-05",17760600
"2022-02-06",17788959
"2022-02-07",17818419
"2022-02-08",17837782
"2022-02-09",17851239
"2022-02-10",17846924