"Date","Unique Buyers"
"2017-06-22",0
"2017-06-23",8
"2017-06-24",13
"2017-06-25",18
"2017-06-26",20
"2017-06-27",22
"2017-06-28",23
"2017-06-29",28
"2017-06-30",32
"2017-07-01",32
"2017-07-02",33
"2017-07-03",35
"2017-07-04",38
"2017-07-05",38
"2017-07-06",40
"2017-07-07",40
"2017-07-08",41
"2017-07-09",43
"2017-07-10",46
"2017-07-11",47
"2017-07-12",49
"2017-07-13",51
"2017-07-14",53
"2017-07-15",55
"2017-07-16",57
"2017-07-17",57
"2017-07-18",59
"2017-07-19",60
"2017-07-20",60
"2017-07-21",61
"2017-07-22",62
"2017-07-23",63
"2017-07-24",65
"2017-07-25",67
"2017-07-26",68
"2017-07-27",69
"2017-07-28",70
"2017-07-29",71
"2017-07-30",71
"2017-07-31",71
"2017-08-01",71
"2017-08-02",71
"2017-08-03",73
"2017-08-04",73
"2017-08-05",74
"2017-08-06",74
"2017-08-07",74
"2017-08-08",76
"2017-08-09",76
"2017-08-10",76
"2017-08-11",78
"2017-08-12",80
"2017-08-13",81
"2017-08-14",83
"2017-08-15",83
"2017-08-16",83
"2017-08-17",83
"2017-08-18",83
"2017-08-19",83
"2017-08-20",83
"2017-08-21",83
"2017-08-22",83
"2017-08-23",84
"2017-08-24",84
"2017-08-25",85
"2017-08-26",85
"2017-08-27",85
"2017-08-28",87
"2017-08-29",87
"2017-08-30",87
"2017-08-31",87
"2017-09-01",87
"2017-09-02",88
"2017-09-03",88
"2017-09-04",89
"2017-09-05",89
"2017-09-06",89
"2017-09-07",89
"2017-09-08",90
"2017-09-09",90
"2017-09-10",90
"2017-09-11",90
"2017-09-12",90
"2017-09-13",90
"2017-09-14",90
"2017-09-15",90
"2017-09-16",90
"2017-09-17",91
"2017-09-18",92
"2017-09-19",92
"2017-09-20",92
"2017-09-21",94
"2017-09-22",94
"2017-09-23",95
"2017-09-24",95
"2017-09-25",95
"2017-09-26",95
"2017-09-27",96
"2017-09-28",96
"2017-09-29",96
"2017-09-30",96
"2017-10-01",96
"2017-10-02",96
"2017-10-03",96
"2017-10-04",96
"2017-10-05",96
"2017-10-06",96
"2017-10-07",96
"2017-10-08",96
"2017-10-09",96
"2017-10-10",96
"2017-10-11",96
"2017-10-12",96
"2017-10-13",98
"2017-10-14",98
"2017-10-15",98
"2017-10-16",98
"2017-10-17",98
"2017-10-18",98
"2017-10-19",98
"2017-10-20",99
"2017-10-21",99
"2017-10-22",99
"2017-10-23",99
"2017-10-24",99
"2017-10-25",99
"2017-10-26",99
"2017-10-27",99
"2017-10-28",99
"2017-10-29",99
"2017-10-30",100
"2017-10-31",101
"2017-11-01",101
"2017-11-02",103
"2017-11-03",103
"2017-11-04",104
"2017-11-05",104
"2017-11-06",104
"2017-11-07",105
"2017-11-08",105
"2017-11-09",105
"2017-11-10",105
"2017-11-11",105
"2017-11-12",105
"2017-11-13",107
"2017-11-14",107
"2017-11-15",108
"2017-11-16",108
"2017-11-17",108
"2017-11-18",108
"2017-11-19",109
"2017-11-20",112
"2017-11-21",139
"2017-11-22",145
"2017-11-23",194
"2017-11-24",272
"2017-11-25",296
"2017-11-26",302
"2017-11-27",320
"2017-11-28",444
"2017-11-29",813
"2017-11-30",1083
"2017-12-01",1466
"2017-12-02",2201
"2017-12-03",4818
"2017-12-04",8565
"2017-12-05",13189
"2017-12-06",16645
"2017-12-07",20768
"2017-12-08",25155
"2017-12-09",29306
"2017-12-10",33054
"2017-12-11",36493
"2017-12-12",38679
"2017-12-13",40950
"2017-12-14",42735
"2017-12-15",44144
"2017-12-16",45589
"2017-12-17",46780
"2017-12-18",48027
"2017-12-19",48810
"2017-12-20",49615
"2017-12-21",50364
"2017-12-22",51123
"2017-12-23",51915
"2017-12-24",52626
"2017-12-25",53072
"2017-12-26",53477
"2017-12-27",54010
"2017-12-28",54552
"2017-12-29",55071
"2017-12-30",55506
"2017-12-31",55888
"2018-01-01",56192
"2018-01-02",56561
"2018-01-03",56867
"2018-01-04",57085
"2018-01-05",57238
"2018-01-06",57528
"2018-01-07",57791
"2018-01-08",58050
"2018-01-09",58223
"2018-01-10",58337
"2018-01-11",58523
"2018-01-12",58736
"2018-01-13",58921
"2018-01-14",59147
"2018-01-15",59268
"2018-01-16",59373
"2018-01-17",59521
"2018-01-18",59768
"2018-01-19",59956
"2018-01-20",60145
"2018-01-21",60324
"2018-01-22",60468
"2018-01-23",60589
"2018-01-24",60805
"2018-01-25",60929
"2018-01-26",61051
"2018-01-27",61266
"2018-01-28",61350
"2018-01-29",61467
"2018-01-30",61592
"2018-01-31",61709
"2018-02-01",61769
"2018-02-02",61840
"2018-02-03",61925
"2018-02-04",62031
"2018-02-05",62121
"2018-02-06",62245
"2018-02-07",62374
"2018-02-08",62552
"2018-02-09",62683
"2018-02-10",62767
"2018-02-11",62859
"2018-02-12",62986
"2018-02-13",63110
"2018-02-14",63295
"2018-02-15",63402
"2018-02-16",63582
"2018-02-17",63685
"2018-02-18",63777
"2018-02-19",63925
"2018-02-20",64028
"2018-02-21",64148
"2018-02-22",64260
"2018-02-23",64351
"2018-02-24",64499
"2018-02-25",64598
"2018-02-26",64663
"2018-02-27",64856
"2018-02-28",64918
"2018-03-01",65027
"2018-03-02",65112
"2018-03-03",65139
"2018-03-04",65308
"2018-03-05",65491
"2018-03-06",65643
"2018-03-07",65720
"2018-03-08",65857
"2018-03-09",66047
"2018-03-10",66154
"2018-03-11",66225
"2018-03-12",66332
"2018-03-13",66414
"2018-03-14",66552
"2018-03-15",66649
"2018-03-16",66757
"2018-03-17",66871
"2018-03-18",66929
"2018-03-19",67051
"2018-03-20",67258
"2018-03-21",67548
"2018-03-22",67768
"2018-03-23",67909
"2018-03-24",68087
"2018-03-25",68210
"2018-03-26",68384
"2018-03-27",68550
"2018-03-28",68694
"2018-03-29",68805
"2018-03-30",68962
"2018-03-31",69073
"2018-04-01",69166
"2018-04-02",69270
"2018-04-03",69421
"2018-04-04",69509
"2018-04-05",69646
"2018-04-06",69828
"2018-04-07",69920
"2018-04-08",70095
"2018-04-09",70286
"2018-04-10",70415
"2018-04-11",70580
"2018-04-12",70658
"2018-04-13",70822
"2018-04-14",70987
"2018-04-15",71114
"2018-04-16",71198
"2018-04-17",71225
"2018-04-18",71309
"2018-04-19",71424
"2018-04-20",71583
"2018-04-21",71681
"2018-04-22",71768
"2018-04-23",72017
"2018-04-24",72168
"2018-04-25",72202
"2018-04-26",72231
"2018-04-27",72299
"2018-04-28",72359
"2018-04-29",72392
"2018-04-30",72490
"2018-05-01",72623
"2018-05-02",72721
"2018-05-03",72758
"2018-05-04",72834
"2018-05-05",72962
"2018-05-06",73080
"2018-05-07",73132
"2018-05-08",73202
"2018-05-09",73266
"2018-05-10",73326
"2018-05-11",73358
"2018-05-12",73427
"2018-05-13",73475
"2018-05-14",73521
"2018-05-15",73606
"2018-05-16",73666
"2018-05-17",73756
"2018-05-18",73821
"2018-05-19",73911
"2018-05-20",73968
"2018-05-21",74046
"2018-05-22",74119
"2018-05-23",74154
"2018-05-24",74433
"2018-05-25",74711
"2018-05-26",74937
"2018-05-27",75091
"2018-05-28",75168
"2018-05-29",75305
"2018-05-30",75432
"2018-05-31",75663
"2018-06-01",75729
"2018-06-02",75830
"2018-06-03",75932
"2018-06-04",76031
"2018-06-05",76084
"2018-06-06",76171
"2018-06-07",76240
"2018-06-08",76354
"2018-06-09",76405
"2018-06-10",76439
"2018-06-11",76599
"2018-06-12",76741
"2018-06-13",76839
"2018-06-14",76970
"2018-06-15",77054
"2018-06-16",77091
"2018-06-17",77158
"2018-06-18",77204
"2018-06-19",77345
"2018-06-20",77415
"2018-06-21",77628
"2018-06-22",77780
"2018-06-23",77876
"2018-06-24",77956
"2018-06-25",78072
"2018-06-26",78142
"2018-06-27",78199
"2018-06-28",78275
"2018-06-29",78331
"2018-06-30",78375
"2018-07-01",78465
"2018-07-02",78500
"2018-07-03",78535
"2018-07-04",78582
"2018-07-05",78641
"2018-07-06",78696
"2018-07-07",78763
"2018-07-08",78835
"2018-07-09",78903
"2018-07-10",78963
"2018-07-11",79030
"2018-07-12",79083
"2018-07-13",79189
"2018-07-14",79209
"2018-07-15",79322
"2018-07-16",79342
"2018-07-17",79423
"2018-07-18",79514
"2018-07-19",79576
"2018-07-20",79668
"2018-07-21",79782
"2018-07-22",79856
"2018-07-23",80006
"2018-07-24",80103
"2018-07-25",80220
"2018-07-26",80315
"2018-07-27",80434
"2018-07-28",80485
"2018-07-29",80554
"2018-07-30",80593
"2018-07-31",80772
"2018-08-01",80906
"2018-08-02",81038
"2018-08-03",81157
"2018-08-04",81275
"2018-08-05",81413
"2018-08-06",81458
"2018-08-07",81542
"2018-08-08",81542
"2018-08-09",81587
"2018-08-10",81657
"2018-08-11",81670
"2018-08-12",81745
"2018-08-13",81844
"2018-08-14",81999
"2018-08-15",82158
"2018-08-16",82308
"2018-08-17",82431
"2018-08-18",82563
"2018-08-19",82658
"2018-08-20",82719
"2018-08-21",82851
"2018-08-22",82885
"2018-08-23",83029
"2018-08-24",83167
"2018-08-25",83236
"2018-08-26",83317
"2018-08-27",83386
"2018-08-28",83431
"2018-08-29",83514
"2018-08-30",83600
"2018-08-31",83794
"2018-09-01",83851
"2018-09-02",83958
"2018-09-03",84047
"2018-09-04",84138
"2018-09-05",84334
"2018-09-06",84538
"2018-09-07",84654
"2018-09-08",84769
"2018-09-09",84884
"2018-09-10",85025
"2018-09-11",85157
"2018-09-12",85203
"2018-09-13",85302
"2018-09-14",85438
"2018-09-15",85471
"2018-09-16",85487
"2018-09-17",85560
"2018-09-18",85654
"2018-09-19",85701
"2018-09-20",85750
"2018-09-21",85890
"2018-09-22",85964
"2018-09-23",86018
"2018-09-24",86140
"2018-09-25",86343
"2018-09-26",86580
"2018-09-27",86642
"2018-09-28",86763
"2018-09-29",86800
"2018-09-30",86896
"2018-10-01",86966
"2018-10-02",87021
"2018-10-03",87080
"2018-10-04",87189
"2018-10-05",87249
"2018-10-06",87317
"2018-10-07",87426
"2018-10-08",87521
"2018-10-09",87586
"2018-10-10",87611
"2018-10-11",87678
"2018-10-12",87730
"2018-10-13",87797
"2018-10-14",87834
"2018-10-15",87873
"2018-10-16",87918
"2018-10-17",87980
"2018-10-18",88021
"2018-10-19",88058
"2018-10-20",88146
"2018-10-21",88220
"2018-10-22",88240
"2018-10-23",88288
"2018-10-24",88382
"2018-10-25",88444
"2018-10-26",88503
"2018-10-27",88578
"2018-10-28",88610
"2018-10-29",88699
"2018-10-30",88774
"2018-10-31",88905
"2018-11-01",89035
"2018-11-02",89117
"2018-11-03",89223
"2018-11-04",89387
"2018-11-05",89497
"2018-11-06",89557
"2018-11-07",89620
"2018-11-08",89684
"2018-11-09",89759
"2018-11-10",89838
"2018-11-11",89906
"2018-11-12",89976
"2018-11-13",90006
"2018-11-14",90124
"2018-11-15",90206
"2018-11-16",90283
"2018-11-17",90319
"2018-11-18",90381
"2018-11-19",90438
"2018-11-20",90527
"2018-11-21",90580
"2018-11-22",90635
"2018-11-23",90709
"2018-11-24",90745
"2018-11-25",90829
"2018-11-26",90930
"2018-11-27",90994
"2018-11-28",91048
"2018-11-29",91242
"2018-11-30",91345
"2018-12-01",91446
"2018-12-02",91519
"2018-12-03",91589
"2018-12-04",91718
"2018-12-05",91829
"2018-12-06",91877
"2018-12-07",92015
"2018-12-08",92049
"2018-12-09",92100
"2018-12-10",92169
"2018-12-11",92260
"2018-12-12",92379
"2018-12-13",92417
"2018-12-14",92456
"2018-12-15",92554
"2018-12-16",92608
"2018-12-17",92636
"2018-12-18",92719
"2018-12-19",92735
"2018-12-20",92832
"2018-12-21",93108
"2018-12-22",93236
"2018-12-23",93451
"2018-12-24",93558
"2018-12-25",93605
"2018-12-26",93650
"2018-12-27",93710
"2018-12-28",93797
"2018-12-29",93851
"2018-12-30",93928
"2018-12-31",93950
"2019-01-01",94000
"2019-01-02",94146
"2019-01-03",94216
"2019-01-04",94303
"2019-01-05",94357
"2019-01-06",94386
"2019-01-07",94457
"2019-01-08",94515
"2019-01-09",94534
"2019-01-10",94617
"2019-01-11",94739
"2019-01-12",94787
"2019-01-13",94844
"2019-01-14",94870
"2019-01-15",94990
"2019-01-16",95061
"2019-01-17",95085
"2019-01-18",95145
"2019-01-19",95344
"2019-01-20",95438
"2019-01-21",95478
"2019-01-22",95552
"2019-01-23",95652
"2019-01-24",95753
"2019-01-25",95875
"2019-01-26",96010
"2019-01-27",96074
"2019-01-28",96181
"2019-01-29",96237
"2019-01-30",96319
"2019-01-31",96356
"2019-02-01",96463
"2019-02-02",96608
"2019-02-03",96706
"2019-02-04",96756
"2019-02-05",96868
"2019-02-06",96972
"2019-02-07",97124
"2019-02-08",97206
"2019-02-09",97271
"2019-02-10",97375
"2019-02-11",97417
"2019-02-12",97467
"2019-02-13",97508
"2019-02-14",97568
"2019-02-15",97679
"2019-02-16",97874
"2019-02-17",98021
"2019-02-18",98071
"2019-02-19",98132
"2019-02-20",98176
"2019-02-21",98226
"2019-02-22",98285
"2019-02-23",98328
"2019-02-24",98389
"2019-02-25",98444
"2019-02-26",98525
"2019-02-27",98768
"2019-02-28",98811
"2019-03-01",98916
"2019-03-02",98977
"2019-03-03",99057
"2019-03-04",99131
"2019-03-05",99255
"2019-03-06",99318
"2019-03-07",99402
"2019-03-08",99463
"2019-03-09",99520
"2019-03-10",99639
"2019-03-11",99737
"2019-03-12",99900
"2019-03-13",99941
"2019-03-14",100070
"2019-03-15",100161
"2019-03-16",100238
"2019-03-17",100351
"2019-03-18",100455
"2019-03-19",100536
"2019-03-20",100611
"2019-03-21",100694
"2019-03-22",100833
"2019-03-23",100865
"2019-03-24",100923
"2019-03-25",101043
"2019-03-26",101098
"2019-03-27",101183
"2019-03-28",101333
"2019-03-29",101544
"2019-03-30",101692
"2019-03-31",101730
"2019-04-01",101811
"2019-04-02",101897
"2019-04-03",102011
"2019-04-04",102129
"2019-04-05",102192
"2019-04-06",102211
"2019-04-07",102288
"2019-04-08",102406
"2019-04-09",102471
"2019-04-10",102549
"2019-04-11",102667
"2019-04-12",102844
"2019-04-13",102897
"2019-04-14",103043
"2019-04-15",103075
"2019-04-16",103119
"2019-04-17",103201
"2019-04-18",103297
"2019-04-19",103344
"2019-04-20",103403
"2019-04-21",103460
"2019-04-22",103513
"2019-04-23",103600
"2019-04-24",103695
"2019-04-25",103748
"2019-04-26",103764
"2019-04-27",103805
"2019-04-28",103870
"2019-04-29",103985
"2019-04-30",104082
"2019-05-01",104199
"2019-05-02",104246
"2019-05-03",104352
"2019-05-04",104549
"2019-05-05",104635
"2019-05-06",104704
"2019-05-07",104882
"2019-05-08",105046
"2019-05-09",105231
"2019-05-10",105377
"2019-05-11",105507
"2019-05-12",105625
"2019-05-13",105791
"2019-05-14",105904
"2019-05-15",106039
"2019-05-16",106178
"2019-05-17",106333
"2019-05-18",106524
"2019-05-19",106718
"2019-05-20",106907
"2019-05-21",107085
"2019-05-22",107144
"2019-05-23",107268
"2019-05-24",107496
"2019-05-25",107566
"2019-05-26",107712
"2019-05-27",107783
"2019-05-28",107892
"2019-05-29",108057
"2019-05-30",108175
"2019-05-31",108219
"2019-06-01",108303
"2019-06-02",108404
"2019-06-03",108450
"2019-06-04",108560
"2019-06-05",108615
"2019-06-06",108677
"2019-06-07",108765
"2019-06-08",108832
"2019-06-09",108895
"2019-06-10",108973
"2019-06-11",109083
"2019-06-12",109223
"2019-06-13",109320
"2019-06-14",109438
"2019-06-15",109499
"2019-06-16",109591
"2019-06-17",109667
"2019-06-18",109735
"2019-06-19",109938
"2019-06-20",110028
"2019-06-21",110216
"2019-06-22",110346
"2019-06-23",110434
"2019-06-24",110563
"2019-06-25",110613
"2019-06-26",110712
"2019-06-27",110784
"2019-06-28",110899
"2019-06-29",110932
"2019-06-30",111002
"2019-07-01",111062
"2019-07-02",111116
"2019-07-03",111159
"2019-07-04",111261
"2019-07-05",111397
"2019-07-06",111443
"2019-07-07",111487
"2019-07-08",111566
"2019-07-09",111669
"2019-07-10",111733
"2019-07-11",111791
"2019-07-12",111881
"2019-07-13",111922
"2019-07-14",111951
"2019-07-15",112027
"2019-07-16",112072
"2019-07-17",112138
"2019-07-18",112218
"2019-07-19",112266
"2019-07-20",112319
"2019-07-21",112375
"2019-07-22",112438
"2019-07-23",112523
"2019-07-24",112640
"2019-07-25",112693
"2019-07-26",112772
"2019-07-27",112792
"2019-07-28",112825
"2019-07-29",112957
"2019-07-30",113029
"2019-07-31",113101
"2019-08-01",113189
"2019-08-02",113281
"2019-08-03",113347
"2019-08-04",113388
"2019-08-05",113453
"2019-08-06",113499
"2019-08-07",113585
"2019-08-08",113668
"2019-08-09",113779
"2019-08-10",113944
"2019-08-11",114002
"2019-08-12",114082
"2019-08-13",114137
"2019-08-14",114222
"2019-08-15",114343
"2019-08-16",114407
"2019-08-17",114460
"2019-08-18",114535
"2019-08-19",114590
"2019-08-20",114809
"2019-08-21",114910
"2019-08-22",115010
"2019-08-23",115071
"2019-08-24",115214
"2019-08-25",115280
"2019-08-26",115496
"2019-08-27",115549
"2019-08-28",115647
"2019-08-29",115746
"2019-08-30",115817
"2019-08-31",115880
"2019-09-01",115967
"2019-09-02",115984
"2019-09-03",116086
"2019-09-04",116160
"2019-09-05",116209
"2019-09-06",116248
"2019-09-07",116271
"2019-09-08",116371
"2019-09-09",116394
"2019-09-10",116565
"2019-09-11",116624
"2019-09-12",116712
"2019-09-13",116780
"2019-09-14",116822
"2019-09-15",116863
"2019-09-16",116969
"2019-09-17",117033
"2019-09-18",117037
"2019-09-19",117079
"2019-09-20",117146
"2019-09-21",117231
"2019-09-22",117329
"2019-09-23",117374
"2019-09-24",117396
"2019-09-25",117411
"2019-09-26",117427
"2019-09-27",117434
"2019-09-28",117492
"2019-09-29",117594
"2019-09-30",117691
"2019-10-01",117737
"2019-10-02",117802
"2019-10-03",117916
"2019-10-04",117959
"2019-10-05",117974
"2019-10-06",118019
"2019-10-07",118037
"2019-10-08",118112
"2019-10-09",118184
"2019-10-10",118224
"2019-10-11",118302
"2019-10-12",118355
"2019-10-13",118497
"2019-10-14",118592
"2019-10-15",118655
"2019-10-16",118797
"2019-10-17",118925
"2019-10-18",119098
"2019-10-19",119273
"2019-10-20",119453
"2019-10-21",119526
"2019-10-22",119611
"2019-10-23",119693
"2019-10-24",119817
"2019-10-25",119970
"2019-10-26",120102
"2019-10-27",120227
"2019-10-28",120298
"2019-10-29",120438
"2019-10-30",120499
"2019-10-31",120533
"2019-11-01",120684
"2019-11-02",120764
"2019-11-03",120850
"2019-11-04",121038
"2019-11-05",121191
"2019-11-06",121270
"2019-11-07",121466
"2019-11-08",121587
"2019-11-09",121808
"2019-11-10",121933
"2019-11-11",122262
"2019-11-12",122644
"2019-11-13",122977
"2019-11-14",123115
"2019-11-15",123277
"2019-11-16",123394
"2019-11-17",123456
"2019-11-18",123585
"2019-11-19",123742
"2019-11-20",123980
"2019-11-21",124074
"2019-11-22",124442
"2019-11-23",124619
"2019-11-24",124801
"2019-11-25",124876
"2019-11-26",125023
"2019-11-27",125123
"2019-11-28",125217
"2019-11-29",125295
"2019-11-30",125409
"2019-12-01",125447
"2019-12-02",125649
"2019-12-03",125804
"2019-12-04",125907
"2019-12-05",126160
"2019-12-06",126228
"2019-12-07",126281
"2019-12-08",126411
"2019-12-09",126469
"2019-12-10",126564
"2019-12-11",126672
"2019-12-12",126795
"2019-12-13",126907
"2019-12-14",127056
"2019-12-15",127154
"2019-12-16",127236
"2019-12-17",127303
"2019-12-18",127422
"2019-12-19",127635
"2019-12-20",127734
"2019-12-21",127844
"2019-12-22",127938
"2019-12-23",128065
"2019-12-24",128152
"2019-12-25",128233
"2019-12-26",128306
"2019-12-27",128382
"2019-12-28",128487
"2019-12-29",128613
"2019-12-30",128774
"2019-12-31",128872
"2020-01-01",128941
"2020-01-02",129009
"2020-01-03",129088
"2020-01-04",129181
"2020-01-05",129284
"2020-01-06",129385
"2020-01-07",129626
"2020-01-08",129684
"2020-01-09",129755
"2020-01-10",129826
"2020-01-11",129912
"2020-01-12",129993
"2020-01-13",130092
"2020-01-14",130209
"2020-01-15",130272
"2020-01-16",130324
"2020-01-17",130404
"2020-01-18",130499
"2020-01-19",130563
"2020-01-20",130664
"2020-01-21",130748
"2020-01-22",130812
"2020-01-23",130951
"2020-01-24",131048
"2020-01-25",131149
"2020-01-26",131221
"2020-01-27",131324
"2020-01-28",131396
"2020-01-29",131587
"2020-01-30",131618
"2020-01-31",131689
"2020-02-01",131763
"2020-02-02",131820
"2020-02-03",131881
"2020-02-04",131961
"2020-02-05",132018
"2020-02-06",132104
"2020-02-07",132194
"2020-02-08",132232
"2020-02-09",132273
"2020-02-10",132386
"2020-02-11",132945
"2020-02-12",133372
"2020-02-13",133902
"2020-02-14",134122
"2020-02-15",134350
"2020-02-16",134580
"2020-02-17",134852
"2020-02-18",135484
"2020-02-19",135996
"2020-02-20",136670
"2020-02-21",136950
"2020-02-22",137219
"2020-02-23",137361
"2020-02-24",137466
"2020-02-25",137546
"2020-02-26",137737
"2020-02-27",138026
"2020-02-28",138854
"2020-02-29",139055
"2020-03-01",139154
"2020-03-02",139365
"2020-03-03",139582
"2020-03-04",139753
"2020-03-05",139907
"2020-03-06",139970
"2020-03-07",140063
"2020-03-08",140107
"2020-03-09",140154
"2020-03-10",140280
"2020-03-11",140309
"2020-03-12",140366
"2020-03-13",140432
"2020-03-14",140535
"2020-03-15",140613
"2020-03-16",140637
"2020-03-17",140707
"2020-03-18",140788
"2020-03-19",140875
"2020-03-20",140984
"2020-03-21",141033
"2020-03-22",141188
"2020-03-23",141291
"2020-03-24",141404
"2020-03-25",141579
"2020-03-26",141688
"2020-03-27",141809
"2020-03-28",141864
"2020-03-29",141904
"2020-03-30",142139
"2020-03-31",142484
"2020-04-01",142666
"2020-04-02",142810
"2020-04-03",142976
"2020-04-04",143112
"2020-04-05",143307
"2020-04-06",143400
"2020-04-07",143473
"2020-04-08",143574
"2020-04-09",143625
"2020-04-10",143735
"2020-04-11",143868
"2020-04-12",144033
"2020-04-13",144146
"2020-04-14",144252
"2020-04-15",144339
"2020-04-16",144483
"2020-04-17",144637
"2020-04-18",144783
"2020-04-19",144908
"2020-04-20",144929
"2020-04-21",145117
"2020-04-22",145211
"2020-04-23",145307
"2020-04-24",145426
"2020-04-25",145510
"2020-04-26",145565
"2020-04-27",145652
"2020-04-28",145698
"2020-04-29",145758
"2020-04-30",145851
"2020-05-01",145922
"2020-05-02",146035
"2020-05-03",146128
"2020-05-04",146200
"2020-05-05",146468
"2020-05-06",146667
"2020-05-07",146807
"2020-05-08",146915
"2020-05-09",147027
"2020-05-10",147131
"2020-05-11",147308
"2020-05-12",147446
"2020-05-13",147599
"2020-05-14",147719
"2020-05-15",147891
"2020-05-16",148078
"2020-05-17",148283
"2020-05-18",148435
"2020-05-19",148593
"2020-05-20",148718
"2020-05-21",148786
"2020-05-22",149032
"2020-05-23",149153
"2020-05-24",149353
"2020-05-25",149574
"2020-05-26",149680
"2020-05-27",149736
"2020-05-28",149910
"2020-05-29",149975
"2020-05-30",150106
"2020-05-31",150270
"2020-06-01",150394
"2020-06-02",150463
"2020-06-03",150542
"2020-06-04",150629
"2020-06-05",150727
"2020-06-06",150830
"2020-06-07",150953
"2020-06-08",151090
"2020-06-09",151154
"2020-06-10",151206
"2020-06-11",151468
"2020-06-12",151540
"2020-06-13",151760
"2020-06-14",151897
"2020-06-15",151983
"2020-06-16",152053
"2020-06-17",152130
"2020-06-18",152270
"2020-06-19",152374
"2020-06-20",152421
"2020-06-21",152556
"2020-06-22",152593
"2020-06-23",152703
"2020-06-24",152714
"2020-06-25",152956
"2020-06-26",153054
"2020-06-27",153138
"2020-06-28",153273
"2020-06-29",153304
"2020-06-30",153509
"2020-07-01",153636
"2020-07-02",153719
"2020-07-03",153803
"2020-07-04",153933
"2020-07-05",154048
"2020-07-06",154129
"2020-07-07",154270
"2020-07-08",154506
"2020-07-09",154675
"2020-07-10",154723
"2020-07-11",154926
"2020-07-12",155017
"2020-07-13",155106
"2020-07-14",155182
"2020-07-15",155252
"2020-07-16",155471
"2020-07-17",155529
"2020-07-18",155648
"2020-07-19",155722
"2020-07-20",155791
"2020-07-21",155925
"2020-07-22",155948
"2020-07-23",155974
"2020-07-24",156024
"2020-07-25",156054
"2020-07-26",156163
"2020-07-27",156171
"2020-07-28",156283
"2020-07-29",156332
"2020-07-30",156415
"2020-07-31",156509
"2020-08-01",156599
"2020-08-02",156663
"2020-08-03",156739
"2020-08-04",157002
"2020-08-05",157297
"2020-08-06",157531
"2020-08-07",157663
"2020-08-08",157726
"2020-08-09",157831
"2020-08-10",157901
"2020-08-11",157972
"2020-08-12",157992
"2020-08-13",158026
"2020-08-14",158137
"2020-08-15",158279
"2020-08-16",158408
"2020-08-17",158522
"2020-08-18",158652
"2020-08-19",158707
"2020-08-20",158837
"2020-08-21",158886
"2020-08-22",158972
"2020-08-23",159061
"2020-08-24",159135
"2020-08-25",159220
"2020-08-26",159308
"2020-08-27",159437
"2020-08-28",159538
"2020-08-29",159752
"2020-08-30",159873
"2020-08-31",159965
"2020-09-01",160033
"2020-09-02",160062
"2020-09-03",160110
"2020-09-04",160192
"2020-09-05",160258
"2020-09-06",160486
"2020-09-07",160648
"2020-09-08",160787
"2020-09-09",160953
"2020-09-10",161112
"2020-09-11",161262
"2020-09-12",161402
"2020-09-13",161499
"2020-09-14",161522
"2020-09-15",161836
"2020-09-16",162095
"2020-09-17",162292
"2020-09-18",162539
"2020-09-19",162677
"2020-09-20",163020
"2020-09-21",163182
"2020-09-22",163635
"2020-09-23",164115
"2020-09-24",164488
"2020-09-25",164826
"2020-09-26",165279
"2020-09-27",165558
"2020-09-28",165784
"2020-09-29",165980
"2020-09-30",166279
"2020-10-01",166521
"2020-10-02",166906
"2020-10-03",167147
"2020-10-04",167421
"2020-10-05",167708
"2020-10-06",167969
"2020-10-07",168120
"2020-10-08",168414
"2020-10-09",168610
"2020-10-10",168736
"2020-10-11",168986
"2020-10-12",169072
"2020-10-13",169294
"2020-10-14",169699
"2020-10-15",170104
"2020-10-16",170255
"2020-10-17",170494
"2020-10-18",170628
"2020-10-19",170896
"2020-10-20",171061
"2020-10-21",171265
"2020-10-22",171415
"2020-10-23",171567
"2020-10-24",171892
"2020-10-25",172151
"2020-10-26",172381
"2020-10-27",172699
"2020-10-28",172883
"2020-10-29",173160
"2020-10-30",173382
"2020-10-31",173709
"2020-11-01",173930
"2020-11-02",174172
"2020-11-03",174399
"2020-11-04",174569
"2020-11-05",174814
"2020-11-06",174967
"2020-11-07",175178
"2020-11-08",175459
"2020-11-09",175756
"2020-11-10",175983
"2020-11-11",176406
"2020-11-12",177608
"2020-11-13",177796
"2020-11-14",178144
"2020-11-15",178429
"2020-11-16",178756
"2020-11-17",178981
"2020-11-18",179268
"2020-11-19",179571
"2020-11-20",179730
"2020-11-21",180000
"2020-11-22",180465
"2020-11-23",180627
"2020-11-24",180772
"2020-11-25",180875
"2020-11-26",181093
"2020-11-27",181584
"2020-11-28",181942
"2020-11-29",182339
"2020-11-30",182462
"2020-12-01",182622
"2020-12-02",182999
"2020-12-03",183167
"2020-12-04",183411
"2020-12-05",183768
"2020-12-06",183878
"2020-12-07",184076
"2020-12-08",184270
"2020-12-09",184492
"2020-12-10",184730
"2020-12-11",185222
"2020-12-12",185493
"2020-12-13",185732
"2020-12-14",186056
"2020-12-15",186212
"2020-12-16",186468
"2020-12-17",186494
"2020-12-18",186841
"2020-12-19",187110
"2020-12-20",187469
"2020-12-21",187592
"2020-12-22",187821
"2020-12-23",188281
"2020-12-24",188611
"2020-12-25",188786
"2020-12-26",189029
"2020-12-27",189275
"2020-12-28",189458
"2020-12-29",189666
"2020-12-30",190047
"2020-12-31",190349
"2021-01-01",190631
"2021-01-02",190850
"2021-01-03",190928
"2021-01-04",191073
"2021-01-05",191219
"2021-01-06",191276
"2021-01-07",191485
"2021-01-08",191597
"2021-01-09",191800
"2021-01-10",192191
"2021-01-11",192238
"2021-01-12",192504
"2021-01-13",192788
"2021-01-14",193140
"2021-01-15",193350
"2021-01-16",193616
"2021-01-17",193735
"2021-01-18",193963
"2021-01-19",194063
"2021-01-20",194206
"2021-01-21",194358
"2021-01-22",194595
"2021-01-23",194779
"2021-01-24",195148
"2021-01-25",195373
"2021-01-26",195647
"2021-01-27",195883
"2021-01-28",196087
"2021-01-29",196394
"2021-01-30",197423
"2021-01-31",198492
"2021-02-01",199361
"2021-02-02",199723
"2021-02-03",200028
"2021-02-04",200176
"2021-02-05",200371
"2021-02-06",200741
"2021-02-07",201128
"2021-02-08",201315
"2021-02-09",201519
"2021-02-10",201688
"2021-02-11",202274
"2021-02-12",202595
"2021-02-13",202874
"2021-02-14",203284
"2021-02-15",203796
"2021-02-16",204457
"2021-02-17",204901
"2021-02-18",205566
"2021-02-19",205763
"2021-02-20",206074
"2021-02-21",206746
"2021-02-22",207338
"2021-02-23",207711
"2021-02-24",208524
"2021-02-25",209394
"2021-02-26",210268
"2021-02-27",211954
"2021-02-28",212968
"2021-03-01",214275
"2021-03-02",215749
"2021-03-03",216994
"2021-03-04",217948
"2021-03-05",219056
"2021-03-06",220549
"2021-03-07",221967
"2021-03-08",222941
"2021-03-09",224036
"2021-03-10",225538
"2021-03-11",226498
"2021-03-12",227745
"2021-03-13",229813
"2021-03-14",231546
"2021-03-15",232986
"2021-03-16",234531
"2021-03-17",235948
"2021-03-18",237080
"2021-03-19",238585
"2021-03-20",240016
"2021-03-21",241351
"2021-03-22",242194
"2021-03-23",242976
"2021-03-24",243769
"2021-03-25",244693
"2021-03-26",245608
"2021-03-27",246304
"2021-03-28",247223
"2021-03-29",247977
"2021-03-30",248784
"2021-03-31",249446
"2021-04-01",250071
"2021-04-02",250394
"2021-04-03",251006
"2021-04-04",251710
"2021-04-05",252670
"2021-04-06",253484
"2021-04-07",254891
"2021-04-08",255718
"2021-04-09",256664
"2021-04-10",257278
"2021-04-11",258239
"2021-04-12",258951
"2021-04-13",259997
"2021-04-14",260980
"2021-04-15",261823
"2021-04-16",262582
"2021-04-17",263200
"2021-04-18",263915
"2021-04-19",264242
"2021-04-20",264582
"2021-04-21",265154
"2021-04-22",265702
"2021-04-23",266693
"2021-04-24",267239
"2021-04-25",267846
"2021-04-26",268637
"2021-04-27",269722
"2021-04-28",270552
"2021-04-29",271609
"2021-04-30",273226
"2021-05-01",274719
"2021-05-02",276199
"2021-05-03",277949
"2021-05-04",278958
"2021-05-05",280117
"2021-05-06",281539
"2021-05-07",282614
"2021-05-08",283138
"2021-05-09",283587
"2021-05-10",283799
"2021-05-11",284411
"2021-05-12",287060
"2021-05-13",288285
"2021-05-14",288912
"2021-05-15",290490
"2021-05-16",291952
"2021-05-17",293006
"2021-05-18",293809
"2021-05-19",294366
"2021-05-20",295366
"2021-05-21",296340
"2021-05-22",298322
"2021-05-23",301126
"2021-05-24",302771
"2021-05-25",304546
"2021-05-26",305909
"2021-05-27",307708
"2021-05-28",309637
"2021-05-29",311238
"2021-05-30",313103
"2021-05-31",314526
"2021-06-01",316037
"2021-06-02",317545
"2021-06-03",318863
"2021-06-04",320717
"2021-06-05",322601
"2021-06-06",324522
"2021-06-07",325905
"2021-06-08",327809
"2021-06-09",329639
"2021-06-10",332054
"2021-06-11",334319
"2021-06-12",336347
"2021-06-13",338324
"2021-06-14",340454
"2021-06-15",342194
"2021-06-16",344683
"2021-06-17",346660
"2021-06-18",349290
"2021-06-19",351970
"2021-06-20",354676
"2021-06-21",358061
"2021-06-22",360244
"2021-06-23",362832
"2021-06-24",365978
"2021-06-25",369485
"2021-06-26",372629
"2021-06-27",376279
"2021-06-28",379749
"2021-06-29",383073
"2021-06-30",387699
"2021-07-01",391826
"2021-07-02",395684
"2021-07-03",399522
"2021-07-04",403458
"2021-07-05",408051
"2021-07-06",413611
"2021-07-07",421197
"2021-07-08",429472
"2021-07-09",435559
"2021-07-10",441891
"2021-07-11",446947
"2021-07-12",451408
"2021-07-13",457758
"2021-07-14",464861
"2021-07-15",476800
"2021-07-16",486823
"2021-07-17",495674
"2021-07-18",502711
"2021-07-19",511210
"2021-07-20",520366
"2021-07-21",527600
"2021-07-22",536392
"2021-07-23",545640
"2021-07-24",552606
"2021-07-25",562341
"2021-07-26",568485
"2021-07-27",575458
"2021-07-28",584270
"2021-07-29",595849
"2021-07-30",604331
"2021-07-31",613720
"2021-08-01",622730
"2021-08-02",632877
"2021-08-03",645154
"2021-08-04",654364
"2021-08-05",666714
"2021-08-06",681627
"2021-08-07",693046
"2021-08-08",705546
"2021-08-09",718265
"2021-08-10",729536
"2021-08-11",741842
"2021-08-12",756393
"2021-08-13",765023
"2021-08-14",775997
"2021-08-15",788233
"2021-08-16",799802
"2021-08-17",812387
"2021-08-18",824342
"2021-08-19",835628
"2021-08-20",847718
"2021-08-21",859886
"2021-08-22",870113
"2021-08-23",878708
"2021-08-24",891130
"2021-08-25",900718
"2021-08-26",912844
"2021-08-27",927145
"2021-08-28",938265
"2021-08-29",949530
"2021-08-30",962048
"2021-08-31",972784
"2021-09-01",982451
"2021-09-02",991892
"2021-09-03",1001007
"2021-09-04",1014050
"2021-09-05",1025447
"2021-09-06",1038408
"2021-09-07",1047974
"2021-09-08",1059776
"2021-09-09",1069103
"2021-09-10",1079541
"2021-09-11",1091811
"2021-09-12",1100842
"2021-09-13",1108726
"2021-09-14",1117295
"2021-09-15",1128885
"2021-09-16",1139342
"2021-09-17",1148557
"2021-09-18",1157923
"2021-09-19",1165648
"2021-09-20",1173112
"2021-09-21",1180981
"2021-09-22",1191096
"2021-09-23",1205875
"2021-09-24",1221395
"2021-09-25",1229143
"2021-09-26",1233720
"2021-09-27",1238358
"2021-09-28",1241813
"2021-09-29",1246986
"2021-09-30",533556
"2021-10-01",536627
"2021-10-02",539073
"2021-10-03",542034
"2021-10-04",545374
"2021-10-05",548753
"2021-10-06",551231
"2021-10-07",556084
"2021-10-08",561609
"2021-10-09",565218
"2021-10-10",568780
"2021-10-11",570996
"2021-10-12",573347
"2021-10-13",575457
"2021-10-14",578998
"2021-10-15",581451
"2021-10-16",584385
"2021-10-17",586154
"2021-10-18",615932
"2021-10-19",627830
"2021-10-20",635885
"2021-10-21",641437
"2021-10-22",646669
"2021-10-23",655752
"2021-10-24",664621
"2021-10-25",669387
"2021-10-26",673829
"2021-10-27",685971
"2021-10-28",689366
"2021-10-29",693855
"2021-10-30",704868
"2021-10-31",709580
"2021-11-01",710724
"2021-11-02",720913
"2021-11-03",724709
"2021-11-04",726709
"2021-11-05",728811
"2021-11-06",736081
"2021-11-07",739450
"2021-11-08",745122
"2021-11-09",751296
"2021-11-10",757511
"2021-11-11",761288
"2021-11-12",764034
"2021-11-13",777376
"2021-11-14",783485
"2021-11-15",1009355
"2021-11-16",802291
"2021-11-17",815035
"2021-11-18",825583
"2021-11-19",835431
"2021-11-20",850066
"2021-11-21",859366
"2021-11-22",873247
"2021-11-23",896877
"2021-11-24",917053
"2021-11-25",928313
"2021-11-26",938018
"2021-11-27",948204
"2021-11-28",959733
"2021-11-29",974980
"2021-11-30",985214
"2021-12-01",1001025
"2021-12-02",1010625
"2021-12-03",1017252
"2021-12-04",1029445
"2021-12-05",1060099
"2021-12-06",1090756
"2021-12-07",1129820
"2021-12-08",1149161
"2021-12-09",1152091
"2021-12-10",1180881
"2021-12-11",1205811
"2021-12-12",1236346
"2021-12-13",1270644
"2021-12-14",1295802
"2021-12-15",1322302
"2021-12-16",1345294
"2021-12-17",1368968
"2021-12-18",1394048
"2021-12-19",1418346
"2021-12-20",1445629
"2021-12-21",1470228
"2021-12-22",1493411
"2021-12-23",1513671
"2021-12-24",1539848
"2021-12-25",1560962
"2021-12-26",1585704
"2021-12-27",1967163
"2021-12-28",1967763
"2021-12-29",1969933
"2021-12-30",1971579
"2021-12-31",1972814
"2022-01-01",2011045
"2022-01-02",2013506
"2022-01-03",2027063
"2022-01-04",2041191
"2022-01-05",2077288
"2022-01-06",2102501
"2022-01-07",2115191
"2022-01-08",1683190
"2022-01-09",2190535
"2022-01-10",2210139
"2022-01-11",2234537
"2022-01-12",2258457
"2022-01-13",2279560
"2022-01-14",2282610
"2022-01-15",2346752
"2022-01-16",2388894
"2022-01-17",2415889
"2022-01-18",2447283
"2022-01-19",2484903
"2022-01-20",2508920
"2022-01-21",2540564
"2022-01-22",2569297
"2022-01-23",2608397
"2022-01-24",2641242
"2022-01-25",2669396
"2022-01-26",2681454
"2022-01-27",2687197
"2022-01-28",2689181
"2022-01-29",2700944
"2022-01-30",2720250
"2022-01-31",2726716
"2022-02-01",2732310
"2022-02-02",2738916
"2022-02-03",2741197
"2022-02-04",2744754
"2022-02-05",2755318
"2022-02-06",2761659
"2022-02-07",2766322
"2022-02-08",2768562
"2022-02-09",2769413
"2022-02-10",2769181